address,maxClaimable,price
0x0ba3623d2ea6bb1c39f5a95607ff11505ddc9a2d,1,0.00
0x3ac9e19507b2bebd1ea1d29f51c5ea36d221e780,1,0.00
0x38486d02146d82757f3b13c498d3cd08a9225569,1,0.00
0x136ecb5a834ae21b94e2195b4f8ee0977b4e4cea,1,0.00
0xf16ba0d550e544d78717793f4428071b6337cc94,1,0.00
0x68791c9c2ab4f069bc1b5130709166ee1a257ae0,1,0.00
0x0ba3623d2ea6bb1c39f5a95607ff11505ddc9a2d,1,0.00
0x30dec07af807a47c4c5a2ba69a22738831f002b8,1,0.00
0x3ac9e19507b2bebd1ea1d29f51c5ea36d221e780,1,0.00
0x169b95ac7a9aad00c1d1a53cd03159325f5372ca,1,0.00
0x3cc4d5e7d3f4ae8cdb34d1a011b07b00309b556f,1,0.00
0xffdd45d9b16205f5e701fa16d61b50a2f7952c34,1,0.00
0xf142e5d679a3e259245305dd49981c53bbb1a769,1,0.00
0x706f3d4d685560c931be933bcab6a7ffe94ff395,1,0.00
0xb50260f2076d744a6a87d4ba0102fa8770c08e34,1,0.00
0xe0b3746aa4e8ac290618a89264d3ff45c238e4bd,1,0.00
0x01f04cb5d80515dbe572ff56cc85cb8768187fbd,1,0.00
0x769f23b0f92d2034953ebefab8a3c6e2db9a2a62,1,0.00
0x99bb99285d439864c66df0c44a9a8c917aecb72a,1,0.00
0xa5e18f5d6ed0bfb57eceb80981a499a36d1b92ba,1,0.00
0x2964f3bb34c6965c0ac5c7fecb39cac50d241324,1,0.00
0x0ba3623d2ea6bb1c39f5a95607ff11505ddc9a2d,1,0.00
0xda2ca6eedcaa0def0a9e6c0184ac74d30fe734b6,1,0.00
0x4ac9665a85f3e8fd52c9e4caea9acd9034c54b72,1,0.00
0xcda72070e455bb31c7690a170224ce43623d0b6f,1,0.00
0x1f35f4a620add904154ec9f179597a2334b3f86b,1,0.00
0xbf07300a4af0b20e63531a5de2750216bdafe682,1,0.00
0x26745c14c61adaa9c5bfde82fdf60a685308fe1c,1,0.00
0xa450add6e6455d28f1f248c455b92df94e6d076e,1,0.00
0x8d7d7d69ccd93ff4789564fc6322a5ffef7b871c,1,0.00
0x6a143708880492ff0ed8a0a22e1ddd1def4c49b6,1,0.00
0x5498104a55f4c4d28fd850f89bad7a9a1f0caa5a,1,0.00
0x0e0aafbd00cd20e34b8b61ff3b352a6534ace991,1,0.00
0xe4e52b4cc22199d9e1a7449e4f1d6ada6c6f8f61,1,0.00
0x17ee7c59440ab0c902be6cc114bef846ad8048a0,1,0.00
0xf25842d3ab2d47f0e389824c2778788aaed990d0,1,0.00
0xb595e98535cf2b95fa96615faeb04e608ac84c90,1,0.00
0xff809a9b2085a7247edd03e03ed71df905c2af32,1,0.00
0xc35721e0b789aacc1ff06c5dec2ec5ffe345588a,1,0.00
0x52c5255a6b488150f56b9bb310eecc77776bcb03,1,0.00
0x89378baa5d736b4fadb5a6c3ec030196ee8c0d2f,1,0.00
0xc123dc5040bfd551dd61dc5b3052b0e356f9717b,1,0.00
0x69d79f75122602afd21b5d4aceb4906c67f269b8,1,0.00
0xa1ccf40909a869919159a44f62e015ffd3f80537,1,0.00
0x61d14151c4566ca55c5697ee93bb07c432ed73c5,1,0.00
0xfe8b88b9964cbca46379753f31384c78df5b9e15,1,0.00
0xb1712b4004a82bfaf24fd858b5f79c17b7fdd98f,1,0.00
0x510e4275fdffc079f95421b1487a31cac5c70369,1,0.00
0x18717190340a530a4b74bfa823cdc70fdc7d813b,1,0.00
0x118069824142e52484a965de6a617f7efad42890,1,0.00
0xc5338f905c1a1c061ad097083c78f9c7991a537f,1,0.00
0xc61d0576eeb23d602c98c6b4ce1b515504b84a78,1,0.00
0xa1ce6c3a450ff5ea411ba0f961955f37b868a8d6,1,0.00
0x57d598f241232df2789eb475b1dd7ebc8895843d,1,0.00
0xdbed69db1e6e90d55d5b0982904c9290ef7d44fd,1,0.00
0xd05a20b1cb925a6c8dcd3d9c1c792115a6b54dc3,1,0.00
0xb4ef5496b879092a9504fa81228d135d10ba21a6,1,0.00
0x25aaa70dd6567ec36e7a6885b0e20b8e9fcd794c,1,0.00
0x15fd7178cabed50e9008cb42b474621e9b07cd5f,1,0.00
0xd8a53945936529a27a6af275c2617612b15000bc,1,0.00
0x62acb40dbd506aca4cee4a599d89b654393c4d48,1,0.00
0xdae277eb7c6c5672c4491cd090171ac0533850ab,1,0.00
0xcb7f968570ec5b7448457d857ae618672d1a9f05,1,0.00
0x73b7ca51ececb82280b5e9719f85b54f8ad45476,1,0.00
0x0f44051406035d734ae7b8b813000ed4a9ce96bc,1,0.00
0x3a92e3bb09838852459f679c92ec8bea14cbc7ed,1,0.00
0x7d47d9b40e1017833e5f95775c16028fa0308459,1,0.00
0x0b2095ed0377f44e7ee71883469a2983b8ebc96c,1,0.00
0x59968c2c25faf934664448f5ce2c022fce0b9398,1,0.00
0x9202fc29aae44596a47956fc85b2464389250441,1,0.00
0xcdd70db40f2569878d7ec94c8f959a1543d4b5ff,1,0.00
0xa23c45c27cb86341f4ad3e03320fcd763e4e63ee,1,0.00
0x082252ddf3b54a81dbcb4d05e2b9f9fadd858cbb,1,0.00
0x47f758e03fe7bb1290eb2d9a77938ca5034db5ca,1,0.00
0x8f89554f77c9f4a698a398ebb56906968ddfaf95,1,0.00
0x3fb80007367f16ade9168a3be2fcca5c7f357cbc,1,0.00
0x9b144b726449507eff54faf4607fdb3d28512417,1,0.00
0x52952f6cd77e1211a4dee864e8dbe82191f8f27f,1,0.00
0x9e663f47b2a8b1c5a5ff283eb69b5076454ca8ed,1,0.00
0xbd856773c538368eb6e58037cd36095adf909b73,1,0.00
0x77a04d766e4ff208c26de5d1caf955adbf2fae8b,1,0.00
0xc8359eec979e67fce843d7c0be314a7a3982cd91,1,0.00
0xd1e6cafa9390fcc36f4309c8f847f977ca2a985b,1,0.00
0x19dd2a922e6da1b6354ded1e9cc070140eef0bad,1,0.00
0x748aa98391a90b4d963bf242144c3b6ac11d01c4,1,0.00
0xd98e732c05023fe6eaff131dc12a16e7f693ee17,1,0.00
0x8d12b962f98d6a0c968ee9ea15c2dc971fcbf316,1,0.00
0x0547ad4c8b50b1c3f6d14769cae651371e1fdece,1,0.00
0x79a64d313c47c8f389bed701b78205fd287d41b8,1,0.00
0x20509d1e8ffbfb5f46e4cda45ff5dfa97ab939aa,1,0.00
0x793e5fb63c45067a434158d4e28533136108346b,1,0.00
0x5584f77ebe4e4968031f81f0fe78581ee54c7f87,1,0.00
0x0608d11e799a74717af64530ac1ccd16742f294b,1,0.00
0xdec9b270bb5aad2cb5fde1c19d39704a274f2f35,1,0.00
0x5c236adf1fb675e5be1124a81e640e94d5865ba7,1,0.00
0x2c4efc1229db8803bc57363ed449cfdccd220356,1,0.00
0x0d4eaedcc47baa81d29dd35eab84a10c58fa6c44,1,0.00
0x1c21415bb60f6a77927af3ced3b0b10d584e83b8,1,0.00
0x06cc86506e45941defcf9b8339eb6c55d038464b,1,0.00
0xafae235e67c3a7a004ae71cc469c643b8cfc1355,1,0.00
0xe9db09c6c815bb55acb0e7dea7e28b691f98201a,1,0.00
0xcda72070e455bb31c7690a170224ce43623d0b6f,1,0.00
0x22976f1dafb5a4c851fa69ac7279228a49c50dbe,1,0.00
0x42e7a4bde4fd9a1ac943371db4a450be6729b895,1,0.00
0x3133c134a7ec5d8911da3567313b0aa5cd73dbf1,1,0.00
0xd108954e2c9d22eb6d231c414b6980d06014d2d9,1,0.00
0x30dec07af807a47c4c5a2ba69a22738831f002b8,1,0.00
0x0ba3623d2ea6bb1c39f5a95607ff11505ddc9a2d,1,0.00
0x17e36bae60948757eae35748d45a8ccecbe7f7e6,1,0.00
0x696969917d14af0eccd470b0797a447087aba094,1,0.00
0x9eeab55272f38f624a56995cd719d577364e2a7c,1,0.00
0xa01c0735c7ca5f8efc1e63efa5f2d1c4fc1a4714,1,0.00
0x597bbfed97ffa6f4be9510934863b1903b45a1b3,1,0.00
0x28d6d307aa1f3da669aa0aaed45ead4117866a16,1,0.00
0x6901a4c2f80f216eea22b284f5a977fd9f66288a,1,0.00
0xdead7c4a317c2c5b90ad3d3f4fbde992df5222b4,1,0.00
0xcccd1e869418df5e40d970085567fe68b27b3d3b,1,0.00
0x70c01d05841b69289f25cc405df8117f018f4117,1,0.00
0x66e068e20c9427890e8bc1b81b33277e84a1e8a4,1,0.00
0x6903f144a9e6da18313c51df9e4b83635debbc15,1,0.00
0xae6f94f63cf9b8b793db3fa6f8215d4f933b1f66,1,0.00
0x3d25e53c82a4446dcc23f32edaff430ca60a501d,1,0.00
0x983672eca49c88da7123eb77a1871c6d6de5b32e,1,0.00
0xfb0068b46d85a6e08ff6efc138a716a3634ec2d2,1,0.00
0x25aaa70dd6567ec36e7a6885b0e20b8e9fcd794c,1,0.00
0xbc828b12db3c8aa0335b09c715358cee7ce40e5b,1,0.00
0x510e4275fdffc079f95421b1487a31cac5c70369,1,0.00
0x0be3825a0a92b206d1ca1e9e60e793f31fa11eb3,1,0.00
0xfaded1038e430c866ae93d6b61da8edd4b28f067,1,0.00
0x69420f0cde588d9d35df060085ca200afdd80a5c,1,0.00
0xd9e784ad8bdd2c59470025418df4deae0d2f3c70,1,0.00
0xf1a1ef114e9416b2f49a8a84fda34af165a97686,1,0.00
0xe38064adbd04738cc570aeec49ded154df00a153,1,0.00
0xdefaced6a03f09d084b4ce120e3f0f12a9ec7a0d,1,0.00
0x3c62bdc76f27c8e6939a93fb7cad0980cd646e28,1,0.00
0x500aca753ad4f7033146652b984272fb2c0aa156,1,0.00
0x0b2095ed0377f44e7ee71883469a2983b8ebc96c,1,0.00
0x99bb99285d439864c66df0c44a9a8c917aecb72a,1,0.00
0x413757c39525844c93cff8ea97890c352beb53a6,1,0.00
0x4692039763e8a8fd9f085b517bb53d05477dd22f,1,0.00
0x686a680be0b99c6d988b1408f750f7e5f485af89,1,0.00
0x0366c6d5266b4a4367bbd424ba474767a5fb6242,1,0.00
0x161fb9c77fe29272ca063f247933d69b8e96c639,1,0.00
0x52952f6cd77e1211a4dee864e8dbe82191f8f27f,1,0.00
0xee991610f4b22892e8412b7b6ac62037e8d46c8e,1,0.00
0x7cab7b18396d3fe40946c0fd9399332ef474c113,1,0.00
0x8ced8cea1af3afc5d3865204ecc947b57e787a61,1,0.00
0x513a21eb8651840eb9c97364449a17e4fe308035,1,0.00
0xd6b0719be0240827165faa3bb7e1b0dcfe050c92,1,0.00
0xc35721e0b789aacc1ff06c5dec2ec5ffe345588a,1,0.00
0x19dd2a922e6da1b6354ded1e9cc070140eef0bad,1,0.00
0x856f87169eaab59808ffee3323097b1a1f36364f,1,0.00
0xe43b14109b9d7ebfac89f36e464ff36703dd64eb,1,0.00
0xfa3454b57d0b1a61d882929f1386f5d6532dbcb8,1,0.00
0x30dec07af807a47c4c5a2ba69a22738831f002b8,1,0.00
0xe752dc2d75846c97664949317804656bffaf4a99,1,0.00
0x6fe085d0d6385cdd63867a1d6ee1a0fe86db9e99,1,0.00
0xf4266b0527ab7326ccc430a762810d32fc9ad425,1,0.00
0x7af857e70e65f9295f3ac83fb165f2d4af33b6a3,1,0.00
0x10c624b118f5bfb41dd8c895b72949f4c2f59d30,1,0.00
0xed24cc340fff9eb3360e5b54d62faddc5ce75371,1,0.00
0xa5c2551b515109f58a324f55b271471082710e23,1,0.00
0x5b4f87cadc9625cb9b9cff449324d204e799d19a,1,0.00
0x9b0726e95e72eb6f305b472828b88d2d2bdd41c7,1,0.00
0x888b9f0fd42cffa5074cc989ba72f5fe77283c75,1,0.00
0xbecf3c853f8ffcdf17f5b12a8f359be819c8c8f4,1,0.00
0x1648f12ac2bbb2080f3bed5303fff2268d0f577c,1,0.00
0x6d22c63fab8f9c4447a486fefb9b60fbc0d91d0d,1,0.00
0xc1a8ce46664bae9a3e78d93373018c16387fb8e7,1,0.00
0xaeb01c8c39a1f3dce749680ad265b2d43e3dcb65,1,0.00
0x17e31bf839acb700e0f584797574a2c1fde46d0b,1,0.00
0x09564716e12eb2ca51f64d07d76aa88b7cdc0283,1,0.00
0xf0b55ab38f6ae201d548be347f5264dcbf620ed3,1,0.00
0x15f7320adb990020956d29edb6ba17f3d468001e,1,0.00
0x775df93d05784462129e69c662d773460f5ead12,1,0.00
0x0f087f42347a69be2754e4c89967b385e4d823cc,1,0.00
0xd5ca9fe5430a7d0994dc038365f0e317074695a8,1,0.00
0x68c311a6896ba62583875bbf823a712cb4a27bca,1,0.00
0x97a5370695c5a64004359f43889f398fb4d07fb1,1,0.00
0xcf50375dd4cc138623fed977071980629b8ec9d7,1,0.00
0xf0dff06d1047311b7f31f0e847abc9d63035778d,1,0.00
0xa9ef46b6c863b7d81b6f1bcd4cfe9e50275aa197,1,0.00
0xd46e642a7e609d122ccdd3f73fe8406a39142522,1,0.00
0xd72d4fef0f89219ff0fbe0cb489966e4c9a428d5,1,0.00
0xa5f123d4cbbe75646bc3d22486e611687ffcc842,1,0.00
0x00cd429dc28ff12c481c9609854141ee06c09f6a,1,0.00
0x2617df5793e7ab1303c889a939baf837ff73defd,1,0.00
0x713f90407fc49f0bc59a6661c23fb67692a80e6d,1,0.00
0xce008f15f12f2dbafb6ad00ab92e77a0d306e763,1,0.00
0x493e8215081ebc465312ee89e6c82ec8326b246a,1,0.00
0x42bf256dd1abb69590afc4e352a5c518c0e48215,1,0.00
0x81ed40511fa176364e022ba89aff568b5238830a,1,0.00
0xb1708258b9cd32cbe8c15691cb82d3aacd109828,1,0.00
0xeb1cee1424ff8c6e6391464ec0f10c62044c6cb4,1,0.00
0x660c6268b33f955ab8dd0a3947e41a3fcd05b8c1,1,0.00
0x43b046637eded50ec81536334a2c1ccd58d3270f,1,0.00
0xa51223ba3f32c50d2d12a76b96e098309e29f2bc,1,0.00
0xd23b352fe20cbbe5101d835934a2e5cc65d51a6d,1,0.00
0x5080b717e5ed21adc5eefac5476f63cf3e454a5d,1,0.00
0x3462d4f128e214f09a5483ab2613fbf13cd4e57e,1,0.00
0x25d6c46e5fc6a3d619404c9ba5937c022b47ca58,1,0.00
0x6e5ec9db251b2a71a6f519a8b1710db38baf2358,1,0.00
0x9a7b6f4c57ae911c0cd7e4030198a5e182c3c91e,1,0.00
0xf2c7a8338ac3bf15fe183e14b0e3f32b8e423608,1,0.00
0xfebb9b7fdc16c492cba34132b92b57e89f8da91e,1,0.00
0x33e3c007d1d48e2b645c9ce22570267b0c82f578,1,0.00
0x39f15a35b3c42546e6c96b96a91c63362b1f3137,1,0.00
0x57ae3756f8249538d6ff275bde61a4a1a34fd56e,1,0.00
0x362458a1fb4679d81185c4e7c2480e0cee82c9fa,1,0.00
0x7fa94b6a37dd6f2e12f85360fe72a50d96967406,1,0.00
0x04f5df957ce0405ba0264eca6130161cfaa12571,1,0.00
0x3782a826a0c2657b9aebfa980245f7d76c312907,1,0.00
0x0d22589f424d5708f4dc82d19b6218838dbb0893,1,0.00
0x175446bf0f5feef2635de5123fe837bbe6c20ce2,1,0.00
0x270c67de1419fc9346170df86043e690623c39a9,1,0.00
0x9934c1269a94a09cfacb1f123fe8660cffd0d55b,1,0.00
0x31842c600d124e9eb13f6562dd6b4fde36a0f2fb,1,0.00
0x42e7a4bde4fd9a1ac943371db4a450be6729b895,1,0.00
0x7feac0b5037181c8aa461a070ea92e9437fb12dd,1,0.00
0x6438c1320613bf81c07c87ebc8db5935c4aa8014,1,0.00
0xb63e5b13f543944d3f5f56e51e84d07b7b9e547d,1,0.00
0x89e12425d3edd174bab9a8677d3bca8b7f34f1ab,1,0.00
0xe88a0d2a5062d09d085dc8f2adcb6e93bf64e1dd,1,0.00
0x997d3b39d16fc66102d1f925c0c7dcf0957e542e,1,0.00
0x2e95e6d58d7bdf9c79f52bdde239148c302798f7,1,0.00
0x33f65a03ab59d2e4c81e6e2b9c4870c7026d1950,1,0.00
0x556eef23d8b28498b4d98ed874a57c40e2cef3f0,1,0.00
0x04367069687b282817af644266fb3d59bc4d8043,1,0.00
0x619bd91f9a5f2b33914cebe5bc76746534fcd402,1,0.00
0x8cc30992c17d08d3a3ee6b232b26381db99c9531,1,0.00
0x30d26d80ff203118f141eb096698a7a16198c157,1,0.00
0xfbd6b76704f94c2682b749a02c36f320dd56fe90,1,0.00
0x9ee4b5d243542eb6bb5edd2f01cf9af69b8c136b,1,0.00
0x41af64957cae30e90bcb2f15227c45bac0b1b3d0,1,0.00
0xacfea7811f05cb7b164cc65afb122b460c64efda,1,0.00
0x720b851bbebd76740c5af9fca4aa990917d457f8,1,0.00
0x26d46ffe6a687838edf80e693f651d85f61dda71,1,0.00
0x20da700ea03e9fe8bf3409d6f66105184aefb2fc,1,0.00
0x188f92acd1a82b54ce713cafa8e8217c1089230c,1,0.00
0xfdcfe235ffeea047c7312de9935f03f4ed06736f,1,0.00
0x1f2a9082a7692ad4f1049b573313c52e49400137,1,0.00
0x084781f088fb8df6b003fffa33b231390fc52085,1,0.00
0x9af685b870059924444f5ecb2bcbf9e4687a4ae4,1,0.00
0x9e7944295bd2a337e16b938fc9ac69d9605dec1c,1,0.00
0x62670912d2041fadf9e0e948651cf747039483a8,1,0.00
0xceb83ea1af181fe28480d4ffba7d7173d467a3ba,1,0.00
0x4e2c8e02661ba1bb37627aaa7e0926c1738643f4,1,0.00
0xca2fb497d84deded064dc4ae5c1d6fec4a9a3f76,1,0.00
0x74ea605483c27ba79542854687edf70fd197cc92,1,0.00
0xb05e679b9f5c3b00884269ae23e002bfa933c670,1,0.00
0x550ce842b5b5873333a150ba5db22352071bde7e,1,0.00
0xd94b77cfe77e272c23b6056d376a50359e74466a,1,0.00
0xbd8dc884d6f5c5eb8fcb42dabca528db1a293168,1,0.00
0xc6c210e56f7e146883dcde3a99233fbc86803fc3,1,0.00
0x856752d9c4a4e90f87646ee8f97b5fd2d8b091aa,1,0.00
0x5d89c8f9af36733d15c170a25f45ac0e90d24a16,1,0.00
0xb2bd6278ac4d380cb90da645a591138292ce7a93,1,0.00
0x601be6fa3a454cb4db278fb383d90ed09051471a,1,0.00
0x61a13423d2f0c8cb01dfebf34bf7227318189ae0,1,0.00
0x91430a1900baf381161d81428fbd879c1c8f6af8,1,0.00
0x2e1a60d331b4d06827d3edf880207695dce1c0e7,1,0.00
0x50fb3b80668c86047526ab948f0ef49beeadb17a,1,0.00
0x9c7277d5f433544628aaff7e6a6475b9d795dc1d,1,0.00
0x4eee8ba6724ca5cec0e1433b9f613936c774b9f5,1,0.00
0x408130934adce05d82d8dc3706e29d02d91cf886,1,0.00
0xf5cd68a45d8fa32562382899cdcfea8f5d977a6c,1,0.00
0x3280f5a0ec3053fec7e1c7a0bacceb8261c61ace,1,0.00
0x23a0e6be2f1fa443ac84080d5ccb79fe6a33ee05,1,0.00
0x0a96ddd0c6a78a8ac866447480c3837c6f90e2f4,1,0.00
0xa1f52d3c0593c9d4234326841a72ba4032e5c8ed,1,0.00
0xc5e8a236f1162e6b4d0ab95a96151c1a00536dc4,1,0.00
0x8c46219208e117c4488a4a4d601645d73205a304,1,0.00
0x4733a74d6794e9045c32805391eb1f959d149e6e,1,0.00
0xcd6529ded6718ce9d2f4eaea68618b36a527d69f,1,0.00
0xffba08ec9ddc259ce99325b04645b862aef8e1d5,1,0.00
0x2974be39a2d4d83a7bfb0ee25176c9ed8868cae0,1,0.00
0x0ec29e7e4cc5c3baadd6e09bad040b6905cb1ef5,1,0.00
0xaeb8751a027022f5e512a164dd58d98a73c521cd,1,0.00
0x3068a00b0e556a7a112bb187af6569bee970c207,1,0.00
0x38c37cdd992112c2bdb70fe6bc460beb288af27a,1,0.00
0xfb696754da156565adca36bc39fcaf0b0f929fdf,1,0.00
0x0441b0e3fe785da4c40f6b093c60d105a1d540be,1,0.00
0x9e374fb05ca967b15d629fa64414527d05cc0977,1,0.00
0x17daf278f0d4e406b435ea74387f52d0b18c5c25,1,0.00
0x557373118de50a81ca84884d1f2267231a3b1e94,1,0.00
0x600427ed75a266d7bc0d54d0fda83f2b7cb18491,1,0.00
0x6411e1219a4700a1e82fcb952a05a1e12bf33af3,1,0.00
0xa692004614262d0b1155744106abdadb301dd433,1,0.00
0x9a598c253bfb1e50423e94945248d12e60dd4343,1,0.00
0xefa55af7a4efa7a5a02dd5e56a34f4bfa3ecf918,1,0.00
0xd221fb625d25e352036e8b8e077832fc35ec73bc,1,0.00
0x94a3487cc355f5d3b0f21c5b3283108e15c7e397,1,0.00
0x876fa45502a475cc09764522282700b8e08d5d60,1,0.00
0x8306e283be030407c9efe26ea9aaed22573e03c0,1,0.00
0x1315269cae41ca3ec3fca9b4287e7e525986f3b2,1,0.00
0xa069f2204cab4862c861925ad40b113d158a5e2f,1,0.00
0x091fa7d523faea09a479a062437412924050dd8f,1,0.00
0xa838c04583664c36974417c6490fd8fe830e3482,1,0.00
0xdd2aac89fffd93292cb0baab45a5f880391b45be,1,0.00
0x2aa644f16ae4759da288fa5029bc509b5458cf98,1,0.00
0x84e8efe8d68153c5f5322956df2f246516a65e3b,1,0.00
0x22cf7cb48c74b07e1c0dcab5c047c5ed73292805,1,0.00
0x99460e388e45cf5089eb2eb751baccf08d9a1565,1,0.00
0xc30ad2f5d15575749950c8ac88ef9b8e3eb93eb7,1,0.00
0xa5ccf767368c655abc3e6f675701a445560eb25e,1,0.00
0xca3daa627ca0c1eb3dfc91ded2a0b310aba03476,1,0.00
0x5db804606df484f1fad5e86311219d7b527cd72b,1,0.00
0x6c140edc579073c001fb60a2b8f3ab4d83d063e3,1,0.00
0x82c0400d1745e36b80be6675f0c37115dddb4129,1,0.00
0x0d99e471edab53397f68c0674cd4d1d4ce63cf7b,1,0.00
0x86634e5aeeb58e83b2e7721468d1425e0e491933,1,0.00
0x0b6bce5fbbc5ceafa6e4fcbb81eaacb8fbaf8009,1,0.00
0xa18596c5c2cd471eb8d475a1305114fe8c8d7645,1,0.00
0xf285b872c3375369f9e09e0b8ffde5260b9ec3cf,1,0.00
0x387f7e501b2b015405b75c7419804c08a81e0e16,1,0.00
0x6605fceaccbc1600f5136cf5830a07ac1f1c2f82,1,0.00
0x706dea18f9c8a0d2daa913f00c33bc0b45ca59e0,1,0.00
0x2f2ff251dafe1120d6e84c10dffc077c7dd5bb85,1,0.00
0xda22f4015a4f6b711f3c82e2c78632cb0f4a286d,1,0.00
0x982a3d49c09487912f502a909df32ee777232546,1,0.00
0x773b1a139acca29a3b6ba88bb407e8386c319d7f,1,0.00
0x6b412d6fb24d6f0a17641afde687d5171839db75,1,0.00
0x6f51aad00c3714516641a9f1b5686cbb0243740f,1,0.00
0x238e19725004404fc476401ad8779886364f6376,1,0.00
0xd1e25341e975e756fffebf6aef74a81f7d8ed24a,1,0.00
0x096f2a4b92e98c3051bc74a3838eafec8e0f94c2,1,0.00
0xcac47a6670be9d52abf76e897c8c77c17f67a173,1,0.00
0x99d525e0c8684448d5c5890c61c55f26a9a1b3b0,1,0.00
0x11aee21dc2ec84bd5ecd955e7d2053afd06d3db1,1,0.00
0xf3f3cb60f9294c7b9618acbbfbc6fbbc03819d23,1,0.00
0x2c85482edd8a26924949e1569b850a1c7c0fc930,1,0.00
0x7fb34b9c8bf8c25082dde309d57a30759879a968,1,0.00
0xfc2e6fd6f814a482e5bf93ec061ed676c6d8db5b,1,0.00
0xf1d02ac5085d4c2103087d2e978da76a5e5cc5eb,1,0.00
0xc8fe43a0aed00e0ec09733b131f5cc9d2c52ede1,1,0.00
0x88c2acb048c41762b4974f9467f49525767b5057,1,0.00
0x0d19e49c983f9db1901f32699769efcbd46d36ed,1,0.00
0x7ee7e464d28dbaa1278f479f236c8b8083d17793,1,0.00
0x254217d9062b3ee76c41607113ca67692eef42f5,1,0.00
0x24af71d87c5ac292352040839451d4a07cd490f2,1,0.00
0xfe5017acc4663a69a8119e254751da56895fa018,1,0.00
0x54e8119acb15ec30fbf260914c6e5ecfbe85d724,1,0.00
0x047e2625b0b517010f3472539360a5b043a69702,1,0.00
0xff7d79ef146517811e524aa454393a6fe582aac1,1,0.00
0x5e279a4584e522879f3d271e2df6ce8860d4a3ae,1,0.00
0xfe24ae53b4a72ea868f19db0b936237796f3b367,1,0.00
0xc0a3e51bad84406a64a85e197503c511a0f9addd,1,0.00
0xdfa40584b7642f42381985ff91e53e647f9143b3,1,0.00
0x575777f4fdd709c70a5dd46edc30edebffe87818,1,0.00
0xf35bb18d4bdc5e07dd261bad0f2811ff6934cfc7,1,0.00
0x83fb144c1b44e15a8f29807c794f7a1b29f5154d,1,0.00
0x316eeedba5484fc53f11020883d45829f0971678,1,0.00
0xfff5b9af2469cdc307429e032edc534b6157228d,1,0.00
0xfe3a509f8e8eb59209cc8c9b90f7b352781e96f4,1,0.00
0xbc3c3ea5a547b579ebd14e24b4b14fdb44c08a8b,1,0.00
0x36a303c80419226ac63cf9bfb96035e98f896307,1,0.00
0xd0f1010f99c47ddcdfcfdd03c5ba144395e63945,1,0.00
0x4f7ff91aa125b92a8b79dbf57f6b31bf153e7f47,1,0.00
0x34fae9d589f86580fde12c2c955785ff987b6f80,1,0.00
0x89e63ee2e44b8243dad726e9dc752016b53deb86,1,0.00
0x1966af05125e485b0f3c8ea24c76bda9192e01e3,1,0.00
0x734d3a6c6810f95df4b117bd422117b5327b272c,1,0.00
0xa9557a3a69e838744acd2100574ebc76fbe6be73,1,0.00
0x98fbb82913f31cbc89b64b43db380cf985cc7dae,1,0.00
0xf53e8a06f4c56fc096cf8bf865b55302486c701b,1,0.00
0x353d5bb4fda9e59f1d198791a5eb1dfc84548c3c,1,0.00
0xb06d0bbd6125614fb98a6ac34856524ec97a66bb,1,0.00
0x1a89272f447257513f99dbefdca5c34237ff43cb,1,0.00
0x000000000000000000000000000000000000dead,1,0.00
0x348abb387e776cfe7303d517d727a72b35a3b971,1,0.00
0x4a4838e584c06962d06cf612b26043d5ada3af9f,1,0.00
0x0eb3d962fde6e985ac6ff90d0d35722bf815e6bc,1,0.00
0x7fda0de4ce5193854337a8a8a126308ff674fd6d,1,0.00
0xb4bf022af666e9b5c67595a06acd8c6db72ac57a,1,0.00
0x323942c18a2439760b2b9f3f4dd4cae0c376a58f,1,0.00
0xdc2e73e9f5c9cf6496201d310fe1c930e37fdf38,1,0.00
0x215f989d9e80016d430fab94bc2e5f18cb89eefc,1,0.00
0x4357c39517b7611e3e49d8649e810010967adb77,1,0.00
0x80edd231e97c07f35cef3ce96cd7d4e9f9d45e47,1,0.00
0xfd113ce2c7d6fee4a6fa9a282aabfc32eca5509c,1,0.00
0x39544b2f74271f9c49df830d6da8752cabb8b2fd,1,0.00
0x8e678472f470177c4ba990d3e4e285b021f8cfd4,1,0.00
0x1ad6a7fc27a71ee4dc621ee81c474a63078fde34,1,0.00
0xec5ce02dc2eb2c09d0bb40ee1499dc47f3a3502f,1,0.00
0x56179767863fabe7ea4ac20651ccec8d3daa6795,1,0.00
0x3e569ecc7de9e14edd9c155b2c81485fb265a58c,1,0.00
0x81c9752f63e1999304bdb3d940ea25edae0e1996,1,0.00
0x260d25f0c4c47bb57cf712a2bf6fdc3c8de15d55,1,0.00
0xb26d2ccb515237f73abff888928ac982a081b3dc,1,0.00
0xc289b427625f226f39cf6c039d65606fa44eda51,1,0.00
0xe5e0f11f86528186be589603e3d6ae36ae047142,1,0.00
0xea5f29502d5fb4b5c19425edf41300b971d9cc6a,1,0.00
0x06570a203cec726099a7facb6a44c48f905cba9f,1,0.00
0x8ee55f30b24e42827cb4aad0b75454b92b99f106,1,0.00
0x40d775827365ae4d54cbc08a1a1c4f586b2c1d0a,1,0.00
0x84fbf9a960ef14a4a49ca24f2a6cf004e5e0ed95,1,0.00
0xc22fdeacb6d963e86ef15346bc11164054b52f05,1,0.00
0xc0a4b9f3b78cc8786ce0f1e2d56882cd2cf757af,1,0.00
0x22976f1dafb5a4c851fa69ac7279228a49c50dbe,1,0.00
0xa0de3585ce36e2fa25f45885b2895898876648ea,1,0.00
0x7507f8bf57bbad94ea98d54abd7887c0f21724e3,1,0.00
0xc5f9952354d134e71f2bf811ffb5260f940bfeb3,1,0.00
0x51a27c6f6e6dfc693bbe1e603bd54a5ac2c21d1c,1,0.00
0x1f27c5fc1f2a36ed1d23dc53c829b57a033c3d48,1,0.00
0x7b7061c443ec2197be01e618530e46211d22a4d6,1,0.00
0x987df219564cd274d32b4b442ffad1a185fc0509,1,0.00
0x99a811e5c62add613975456292f836115aea0164,1,0.00
0xd85e8e97592b76723cbd240c687cc7a93817dcb2,1,0.00
0xb60856d3ca742b5a9ba9db3b5def4f5529b9ac9b,1,0.00
0x8e57b3ebb8ee66ce9cebb7f17c59f320271a24f5,1,0.00
0xafc09fc731346bc2074e8edc6cbec42deaf8c50b,1,0.00
0x2eade7ea53ca2ca6477c0ba5526393eaeeef1784,1,0.00
0x667b32cc975468301305018b81c8e4d82b11ab35,1,0.00
0x649c96d36f55c3f55962a080b638e8a6680475a9,1,0.00
0x90ea9169e43f727dcad90c11e71ee79f365cac95,1,0.00
0x8ecf4dc5b034e852bd0ba83d981f9f326a4d6f12,1,0.00
0xfd44ce754d8d474ba735d8db658d9d01d0c8b3ba,1,0.00
0xf63b9d265685cd3db907eadccaab7931247fcb1c,1,0.00
0x5680c5695b1b3a618cc5a113362ef5524895e126,1,0.00
0xe76a87c0a03fa27a9958b7262b6ae8a322d2797e,1,0.00
0xd186573cb7fdb21af5bbc6fad9d02b19e7dd1951,1,0.00
0xc1170b1880b3264fbedbde35191049931c2c8ac7,1,0.00
0x23bd61681a457b0c879e4fa87da9e7d6a84eea86,1,0.00
0xb130257d0563e5048b46307336616b7a5c390942,1,0.00
0x2315b1ccc7b5b9f138966b5a81dc34aed30613b2,1,0.00
0x15a5d5f847818be539a1f55ccf1a3e8fa871659a,1,0.00
0xb3781e705f400c5f34006c13ab62aa882fed49f1,1,0.00
0x769ce0d500a19103965bc9e4b8642d89d892fd62,1,0.00
0x7760ede73b2a012007741ccdcee903861313277b,1,0.00
0x04553e4270b3783113d0c48f55a426a81fc979fa,1,0.00
0x54b174179ae825ed630da40b625bb3c883cd40ae,1,0.00
0x8b356e6d18bb6f0a8decb901463ecd8ff8099958,1,0.00
0x2dffaf703d15c19a19096abfbf093fbed2c22c3d,1,0.00
0x76346fe73c38e73183874b2d987245163db276bb,1,0.00
0x84cf15a60226f4af511346b6c522a953a5b44dad,1,0.00
0xbdddb0e5c72f6d131bb3f37a57e76f3e4d4bc4ef,1,0.00
0x31b8e5e3019561582b209148ab1b8e6838df2c2a,1,0.00
0x17e3d4e0d84c83c2a3948462d397c301b1922364,1,0.00
0x5b27d47925f4663196a7891e4c16edf4638d9bbb,1,0.00
0x7e673dac62edafa91a90251a8a8b1ff273e34407,1,0.00
0x9b481bd3f3b5a57cf8cdafc14e116e1afb20800d,1,0.00
0x02223eec24d094cf8fb93e932adb0439c830972c,1,0.00
0xe8cf0b86288a921c17e92d2770769412d98be9a7,1,0.00
0xdbc1c1de35c8fec62a2a83a229ef15a4f3b1a19e,1,0.00
0x4aecb1af01e6c1fdf0abe1424961aa7c2bbb130e,1,0.00
0xbdc1d3d5d087d045fd11166a0c226c136465bcc7,1,0.00
0x2c91f6654cc73fe33fd10700d198bf21122e78bd,1,0.00
0x49f96172c92dfc476ab1ebeb2779ac8a4f38a11f,1,0.00
0x100c21f5ebb166755074b8c1f6480683edbea10e,1,0.00
0x59f94e83373a43b373308f9b4fc3c51eaa95eb2e,1,0.00
0x80610907b1c7b70fa9db232d117fa793eb3e5123,1,0.00
0xb5a72690bd25ec1957f6f2c2527fc4be109c7643,1,0.00
0xb5beebbfb568be3d5d7afc7c35cac5bc517a1fa4,1,0.00
0x6e36de4db8210e641d13703545b4aca6fd02e116,1,0.00
0xe82d221b574b6f68fff7fe183d18ecffe59e6909,1,0.00
0x116296269dca53c736733a5babaae68821024a6e,1,0.00
0xf04e2b84dfd541db57bfc21a4bc4d4625c86a1f3,1,0.00
0x8eb86473a22b6d5e5c6ec45790a48204a921e8d0,1,0.00
0x24c7e886b90f81314e1a1e1b22ed8be42cccfbb8,1,0.00
0xd0589db8a7f2aa67dd2f681adc64253b6e8e5725,1,0.00
0xb7acfcc4ad83864c72bcb79d9ab3ae60699fc53a,1,0.00
0xaf3b2cd660c606c76c257691b73a3ac42c0d42dc,1,0.00
0x26484bd56332c4f6c382f137c7ceebf69dfccdd9,1,0.00
0x4334fc936bd246f0e9ce8c0e182e6f9d9ceee2b7,1,0.00
0x9d2dacfb41c0a826fa5e13d48a0481541fac50c3,1,0.00
0x0d51bd63d8d22cd2cceee97098f8c66eb526d05b,1,0.00
0x180fc8226b8eaa54ae393bccd6b428424de70cbe,1,0.00
0xe42a79e9ff0091c160ff0682748b0c9e3bba0360,1,0.00
0x6c744845e60a3e64f9d207742643e88f10d25372,1,0.00
0xf2c76c03515e85f41b266f1bcefbc36673c08c36,1,0.00
0xabac0dc69eca467d2f29648c8f9e4f72b04c1866,1,0.00
0xe1fb5ef8063586a53cec9ec8ba1a2815d38259d8,1,0.00
0x8b290a2011f3fcef58de1b64c68b20e7e1626b08,1,0.00
0x5538142d14db957dcef83cff5d47ad6307aae2d7,1,0.00
0xe00ddf1b2477c84e7bbd6a55efd0d38526475914,1,0.00
0xf4b0591f93e7606a9c6195c828e9a027f089ebf5,1,0.00
0x06baa203dd5f02734016bdea22e83374ce5d5f90,1,0.00
0x9a397b88d8d6e5f7653df702edfa0ca73165b154,1,0.00
0x373c53d060352e778dc1820459ed8d7a70c868d3,1,0.00
0xf0ec3241a3320cc66cf40c27d5b44db6a6474bde,1,0.00
0x5aa5d94d2ced1820c343a0d4339f143ed82bd320,1,0.00
0xeb936af013cf24b3cfc78a9b70b24e0df4ce6d64,1,0.00
0xeb3fc5a4bb56fda4fd1ca4e3aa7e81ff7cc2176c,1,0.00
0x153f03a0d258bf74c209bf969bd8af2216cd1dba,1,0.00
0x4607937f223b403ea0f7d5b7d15b2bb941974edd,1,0.00
0x21c81f931866eeac4360fdc9430155663c884a72,1,0.00
0x29d50104004e138f01262bcb50d16e329556d10a,1,0.00
0x8bdb885e52ae7f17747b0b40020cda3108a0257d,1,0.00
0x23b3ec328f5f9ae6de17a76df43146a61186d910,1,0.00
0xb4b69927fc7ad6960c424ce4fbf6d396190b2224,1,0.00
0xb4f55ebbcfb6a96a6be2872351d93e8a375fe67a,1,0.00
0x7abdfbbde54cdcb04a2ced970699c657909e0e28,1,0.00
0xf244e9d5afe463bd1ddb270fa6bc0506477ab4e8,1,0.00
0x987d82ec0e7425046ed3d4002bc216f95d601959,1,0.00
0x8c292beb0df2f8b184881ca1e4e438725e507df6,1,0.00
0x100679b9c2dec009950440d9aad27d32bf47fdb5,1,0.00
0x052bcdf257c47386b4368ca67a5b8fd05b7fcff2,1,0.00
0x8a5b29889c1e17f587e13fd850ef15330c0d0946,1,0.00
0x533f477aa5fe4f22629be65c33e10b481ae361c1,1,0.00
0x4cf620468cd1fbf2880df80ec7718737a4908474,1,0.00
0xf7df0dd5c72736da714bcc01f8919737fc8fa218,1,0.00
0x5beba6eba586ba44ca5306376e7c66844edc8998,1,0.00
0xa775ebbdbb48bc9ad5f8e7da86435f7032a2581f,1,0.00
0xb06260f7eb49ec9f323fe10543ea3f5996edd054,1,0.00
0x04f5f6c9f01a9c28fac993ac6f8641e5fe180f7b,1,0.00
0x240f2b71747a017f7cb358cbbb1f73fc9a39a3bf,1,0.00
0x248cd11b22d6c14f5a27606a8d520f03f1df1381,1,0.00
0xc272b13f3b31b99e01ebccf721d2a43c408a8dc8,1,0.00
0x2703cabf01349410547e0b093c1df39c524e35f9,1,0.00
0x6fca51e2cb26f258bb7dbc968e645cb69830d7be,1,0.00
0xb746ab02a8218c97b5364ab5f305316cca30ef79,1,0.00
0xb0b8bce78f97234cedb064acdd7f6b8915295644,1,0.00
0xa9f3f95097a588b9d0dc828f6eda73edd886062a,1,0.00
0xb3356f8a3c389d6c24a1a0bbb78d628793cd6238,1,0.00
0x95db13a14adcdabd4b9bb9de0f62fc3c719aa3d4,1,0.00
0xebffa5395826efb058d10e1fa3b71d74b88b67e5,1,0.00
0xd108954e2c9d22eb6d231c414b6980d06014d2d9,1,0.00
0x987ad374ab5732e2d910eead0e1a823a0835490d,1,0.00
0x9c3cfd382b50d099d8d73cc2ba796a7043f6cc7d,1,0.00
0xec6aed0666cd79df723134c1caeb80205790e234,1,0.00
0xd7a58e8c175d891e85003761579275ad1f737468,1,0.00
0x41374370361faa3366a31676534efe36229b8730,1,0.00
0x49d6316d8c0398d4434dca9db1d07ea0196e5f85,1,0.00
0x052ade5d0d01ce2d7c9c6d87cd4f91c99879222a,1,0.00
0xd4af539e951bfef8629cad32c2ef89321e430cbe,1,0.00
0x50b9a91f783a1d23138c2724907bf29ff567a3d2,1,0.00
0xdc4c05c35f62aa1fb058438896f4ae4f96d85462,1,0.00
0xc602495568606ab49be71bb68369f08eb881d49d,1,0.00
0x4efd3ccfb7a1de70e1b9553cd96f9579dad10ba3,1,0.00
0x7120d0a8d7ea8e889de52b9e0bcf5fb8ac42c9d3,1,0.00
0x88068eb4913d7056419a80f4f92e7f52b391a68d,1,0.00
0xceba755f9357634d8542de92ca8b5a26cd935e34,1,0.00
0x63cf7c74bc5ed92f1674b7c4f1f51cd3588394c6,1,0.00
0xa63571f2ce7cf4e9a566a1f248f5d0ad3ba78726,1,0.00
0x292bfdc0d344d08a2611c722d277cf35893a61d2,1,0.00
0x8e5fc124a234b4ad7691fbb4de28dd3029eb2561,1,0.00
0xa49917ac63ab64f28a4597703052079e3c7955d6,1,0.00
0xe8a8928ea0b5df77d31cfd15f2cdba758775ef07,1,0.00
0x6c4dda222b1257adf7e4b2e9922d973cfea4ceb1,1,0.00
0xb30abebc5937d286dabc25a3e28cc3547a1a50af,1,0.00
0xa0a05b25f98cb84c2773847770518277096ffcf7,1,0.00
0x0248cc679047beb36d78b3bb0af4fad8d5a7b73e,1,0.00
0x2a64ae1c61bf4762bc7c3a6718761816cd3bc543,1,0.00
0x42683b0d4419ba3915fb11dfc4d876ddb0c75903,1,0.00
0xc1d423e17a0efc20898e642a3b6ead2f3552fafe,1,0.00
0x69bab6810fa99475854bca0a3dd72ae6a0728ece,1,0.00
0x2cad75e380ddb12329231df6793a0343917be8b3,1,0.00
0x9feb136c06d5cc84da030a5e75e2ac76c785eba9,1,0.00
0x49de8f7c81bb0c216710c554cf89490ccfed450c,1,0.00
0x262c49f171cbcb0deaf287984a8a233814b15722,1,0.00
0x4f446284dc76c3661fee555751562e7806bbbb1a,1,0.00
0x79b7c847d0b838874079ff86bcb55d0a58bafb03,1,0.00
0x27e68590ba1facc7399e891eee29ec5c328b87c6,1,0.00
0xc4584ea876b31027c885682c19bcb21b9008e7da,1,0.00
0x09ea4b1218c18fbad1be8a534a9efda4881261bc,1,0.00
0x62adb8f535a19c1fdf24f86f6eba50857d37fa3e,1,0.00
0xa65056d302d00be248635924b25efc39ea67b64f,1,0.00
0x4f3ce3dcf9ea8b7e1490aa73b15c944c2ad19ca4,1,0.00
0x11fb307828338c9759294f4d61a6c0e492d57f1d,1,0.00
0x8b1a1052ae00cc5e55fc8aa9ab5d438ff75c3adc,1,0.00
0x4487096a0e7628552b1069fc017fe633704fff51,1,0.00
0xd0136c6d046d78010a80e6c0a19ea3710167d7cf,1,0.00
0xd1d00485a92afcb017f4fe56c4eec2c4d115afdf,1,0.00
0x669895bb64e9579e3bc22f09cc64f7a23ccdb89d,1,0.00
0xd6f340c932f8ebbf05586a6d08f8f46da99c51c1,1,0.00
0x4ff79f82dbc3b9227e4bcc6553c67a87e6867af1,1,0.00
0x6301add4fb128de9778b8651a2a9278b86761423,1,0.00
0x6b6895d703be4de737199cd52780a2729fa76041,1,0.00
0xdadfcd764cf547df5d399f0eda0eb018fdad1e79,1,0.00
0x99ded8fc8fe1a7d21d3dd8a7781d0f429889134a,1,0.00
0x8c18aa7d789417affa48f59616efbd3e9ffb80c5,1,0.00
0xd9a5b1ac7e84ca4437ed28949c8aed0c1b193d27,1,0.00
0xc9d673b4e5822fe9f5c5596cd3e583d7c0b1598b,1,0.00
0x504a1af3ec75ccac3dacc93c9a93a32d444765bc,1,0.00
0x167375ff33dc19570577d55cd4be8883c8a0db03,1,0.00
0x1debb900a149ccef4d27618035e43a6bf56e02e4,1,0.00
0x2d62b7b4ab2aea16f53f78af3544088300040126,1,0.00
0xc178d77ac709a378c7d0682be3a446e181f50047,1,0.00
0x5a25547b37f0e14412747b48e804171910be3aff,1,0.00
0xcb747abc35fee9bb9d92b1cde62d2dd813b72fb0,1,0.00
0x83c5cc1e0251e5c92daada336aee3f48d77b1bfa,1,0.00
0x85908abfa4707d79984b2d6393700287287d5f82,1,0.00
0x0d45895832a2cf64c01ffd74044d2f82d7e77144,1,0.00
0xad9c3dc558ffbb1ff9eed78387343d2718195ad1,1,0.00
0x6bed9dfdb5d7af0c2c442861492e53d6b1ffd0b3,1,0.00
0x31a8570d59ce56b8c4d75088af34e540b0aa1513,1,0.00
0x6482341ff660c045be4bff9ef0d89d8204bdc6ac,1,0.00
0x759c5f293edc487aa02186f0099864ebc53191c1,1,0.00
0x88c85dabf66fb5baa28854e3aa1fcde1cbacedc5,1,0.00
0xc8fa6a59be15244088ce3d254958a580396f1815,1,0.00
0xae3634a4b817508b5aea7eedf7739442842c1a28,1,0.00
0x1a594e38511086d587b6ad6dea86158f6ab0f831,1,0.00
0x9454358d7c5776d894f3a90c572e504c59d46b7f,1,0.00
0x641cbc1375fb0e504bdb3583740d74485d5d2372,1,0.00
0x5ef059c8e650476e1d31902091bfb9b3c8c27da7,1,0.00
0x3ad50afc9cb5776218d555cb73fdcabc1cc24621,1,0.00
0x8c40d627ee8a99d07fe9dbf041e11a3381c10697,1,0.00
0x7828f7cd546b4c02e6dbbe8f5ce85207cc1c1e8b,1,0.00
0x8a98c70a64e91a4e2c52c15444fe1f28f956c3da,1,0.00
0xa8bcc02fe89a32be7987d485cc9732c082145ec1,1,0.00
0xcda1feed5a9558e432fca8a4e2ced6c4cdebcffc,1,0.00
0x1775d75b22d1bea658e3af41336434112c6c2a91,1,0.00
0x0510d23d1794d363fb408898a39228b1aed05cdf,1,0.00
0x72ddf9133e730caa445a707a78b04be5e2fd025f,1,0.00
0x1a369c546233a033c261f8529000bf5b81540d1f,1,0.00
0x7434005f4d3d5cc92620e30be4c17b7687d88c6e,1,0.00
0x97280c89112defcc172ee73de81c57c85118a25c,1,0.00
0x10bfe0edb230151143189c610dceea87fb8c1869,1,0.00
0x5d7f92c45c2b6a1711a0a1a7b7f6608437d17e76,1,0.00
0xa0a4fd3a984d1242e56aab10d6888b907aeca5b2,1,0.00
0x01391bd42333117537b7a03314c5a4bf679598fc,1,0.00
0xa1f70989441d1bc2df67b5d902e0941e84461839,1,0.00
0x6ebc83c3f1d5ed30fa9dcfad327a7bfaa75f4494,1,0.00
0x18a20f8c252e52f3cf1d86a7993c06684350f60e,1,0.00
0xf6a0eeb0e56d285d5fb0a580d8c65ecb50cd4cb5,1,0.00
0xb2ed53b06039f6b00d5434d296ed115060912313,1,0.00
0xd1a8be21c3039218b2b2b69e2e0ff9786dc04876,1,0.00
0xe80887c47eb7684a2ec5230867f739a662a9a4c5,1,0.00
0x475ceee2be5a2d4b1e5e873058d0bc45e09aa7f7,1,0.00
0x433c8a73bec1273561e4e2201649de12f20b7d58,1,0.00
0xe37cc695fd6e37e1ca75ec559afa4ffba9806438,1,0.00
0x38db2efb3daae5d934ceaa3b9239ad55e849f819,1,0.00
0x0008d343091ef8bd3efa730f6aae5a26a285c7a2,1,0.00
0x813d8c405411095ea6f3d5388eec40c046f58022,1,0.00
0x5e4760d72923422e74c7b0e74ba2975bf97a2d49,1,0.00
0x3e01fad53bd7a18ffa4b0f12ee6699d012c3bb99,1,0.00
0x2111cda1dc783c434008f3093e0a06e3db46bbba,1,0.00
0x0a6b8737f8d2da2452c5bb1bcbeede6b324f87d6,1,0.00
0xa4294a51243f11edde276e635314e36c54ae25a1,1,0.00
0x5110db2a56d4feb22c12287d71a6b8121989a0b0,1,0.00
0xfd9a461b536cb82f304569856545ac2792ab3854,1,0.00
0x69b47e91e2eea2525770ed93f6115b9d8f4fa132,1,0.00
0x2654cf07799d2e61c225279e08ba2612e5cc59eb,1,0.00
0x101d9f314374542a2ab1019cc17752723beb4c2f,1,0.00
0x0ba3623d2ea6bb1c39f5a95607ff11505ddc9a2d,1,0.00
0x47c916425f6172a497b856b30a5c5e17c00fb0d8,1,0.00
0xb149bf49d26e498d80cfd8fe1ba50202b65d82db,1,0.00
0x0e832562a2720aed13a9aa2025fccc710361663b,1,0.00
0xa205a16d0c5a5b81ad27433b1e79c8b21149bab2,1,0.00
0x4419826be42e8ead47feefaa5dab40ce91fae2b8,1,0.00
0xd4a6e3bae82a125a55189a9d74d3ef2ab8f87eee,1,0.00
0x43d37488a7371af036ba669e6f57e25f57bf469a,1,0.00
0x7c01e9fdfa424448e4dcb419fad0c4ca11e7968c,1,0.00
0xb5d2e18eab9a3cbd74cf0482b0a30dcb5889e6a9,1,0.00
0x5420b506d856effbcf720114a8b7e2f1071b2856,1,0.00
0xea2bd4e8b39df2e5ec757022d59e377b2b4326dc,1,0.00
0x9992e35790176857ff3825554203f6918b8deaea,1,0.00
0xfbcb6dbc2881b0cf6adf24600dac0790bca0d6dd,1,0.00
0xe8e16ed45cd4083f3c85146ce96ee85042909f66,1,0.00
0x1f13f27f865e7df79a9e96971e3e7e51f55ff5c3,1,0.00
0xd04c6e927b142c3662326e564b9fb8a6640acc8f,1,0.00
0x3b306a823e7bac0341b213491f3d830aca87d065,1,0.00
0xb93e1a3ffe87bf09a4f4a47ffcced070fe82c688,1,0.00
0xdbe31e8cd4c6c915334598a555065ec65ea75850,1,0.00
0x50f5f8c8b4a3c8764dfb3c9fdafc43de9c3d4b79,1,0.00
0x8a5fb94741caf5eea0e32033f3b1a4dbb8af3b57,1,0.00
0x47f758e03fe7bb1290eb2d9a77938ca5034db5ca,1,0.00
0x3451a1e45b5f6b54c3c6a65d29db2584a53e5e9f,1,0.00
0xc9316c4e45f6ee575a48f291a779216b07bfce1e,1,0.00
0xd056f2d685b9de70b79d06706c4cd54083bb739c,1,0.00
0x78b7cffcf18fca0f3caaaab1ec0805407c220506,1,0.00
0xa6b21e270632dfbf155845094cb5320694fdd9b7,1,0.00
0x846e7105e4064fd4ce49818dec2b967b5ab43ee3,1,0.00
0x24ce4c6cd2924a91cef8506f3960e0d25cc61366,1,0.00
0xea97de18d8f190c9b26249d5d37c2dd9be63f165,1,0.00
0x3136c42eed13d5f6494f3d75c6d58ecc27589fde,1,0.00
0xefb413d2bd1c2d08d0b729d0797a1afa2cd94b24,1,0.00
0xdcc92e18e02d536e8ca48d3e94a6bf7b6a1304a2,1,0.00
0x69f3dab38223298520af6aa4bcb308d4411c2552,1,0.00
0x1e71b43a0407e3a4f2f7558475977691b5ad3806,1,0.00
0xb5a833b1af75624cf6cf12ba7631692b46a71322,1,0.00
0x23a82008e38d164781c7ae051d9cc9be8b0977df,1,0.00
0x942cbea64876ff0b2e23c0712b37dc0091804e9c,1,0.00
0x98cb5cdf71cc0ee4f50e4cb9edba9bb296299b97,1,0.00
0xddfcd222fdaeda31c8bfb673866d4c20b2622d3a,1,0.00
0x5ef8426d78d0bb2aecdca7d3043c158c85417cb8,1,0.00
0xa2b6c94acfe15916d920c10bbbed976eb6c9c126,1,0.00
0xe9f05a84376a4f3f977aa908ca06635d9d0e6988,1,0.00
0x5f7bc25cb9289daa536fbab031e78de1cd23f585,1,0.00
0x6d7d6a53aaaac82675e64c98525278e082cf86b2,1,0.00
0x5fb1c0521d74fce03f194b808b4ff4001db67b3b,1,0.00
0x7dd44dae00bf96699fa8f7583cc774bf1471f06b,1,0.00
0xeb89137277e345b3a30f2e798c3e6d385b183af2,1,0.00
0xae2fa2c9923608a67ab3543ef9e10e6cc77d7a70,1,0.00
0x0aef39a29476c3320cab9f66a92359ff06ed602e,1,0.00
0xd561ba5bdbfea7a39bf073b7520a7273bc767131,1,0.00
0x8cc4c74dace8f69c9c34fed85b1cebb183c5c0c4,1,0.00
0x199c7f2343cec88f9519759b445f351ed2edfb3f,1,0.00
0x168aa549aba3d5836eaa8be24549703e21fe6bbe,1,0.00
0x2a8bb7ed170e02e940f3c439bad20738864061f9,1,0.00
0x8b2e10bfd9f0c2813905a73ae2acd0468c623082,1,0.00
0x147f0bdaa000ccbb40b5a423ae32846e429f7b31,1,0.00
0x07f6329cdd8c29a241a0ad8503436c6652f6b509,1,0.00
0x724f852edc247de2e4def8b8ef4581e84e14c141,1,0.00
0xcc67d99e35190200ecc0041d33ba02fd00e20386,1,0.00
0xa51908e0284e7da1e9303e904b719bc0e0fe791c,1,0.00
0x1959f8118964052350c0381e0067bc802f88a946,1,0.00
0xab0f4c7ac61b430d114bd25f38f1b251a8db5dec,1,0.00
0x9985a4389623351dbf483bcb8c51e4a2078ad0f8,1,0.00
0x3f197f099d7c3c026490309ab5382236a18339ef,1,0.00
0x4f97a3aa19d2a274a96d67b8777f72cc526f3f4c,1,0.00
0x2ca229f7084469327ed1a422c40c598688edd671,1,0.00
0x20d1cc1e5fe18db3b6ff8a6932d6ad06af66bf53,1,0.00
0x541f9b766ffdd5fa311de44271fdd0f5de9b34ce,1,0.00
0xf71edd300cf317cea446f77d580b7e25bd7d71f8,1,0.00
0x2ffa6a6affca3d7993ad8dcb7142a6f04ac97302,1,0.00
0x473241ee93dfe536961662d1b599174da188fa92,1,0.00
0xca85460d23bfb2e0079bab5aac84921d9d0762a4,1,0.00
0xf945e8c35ecbfcddaa3ecb694a3486f0d7d87523,1,0.00
0x51e1857025d9f3995c0db7c0ccad457d18f3ce83,1,0.00
0x7222d58fccb9d713470313673f70bcc3d3e60027,1,0.00
0x164b3683dc67fcefb60bb8ce2e0a61a81dbfc16e,1,0.00
0x7a49705500ca22460016adf616eac2716328a27a,1,0.00
0xdfefa3f7f8d7a13945bbc1bb992b87766aefea36,1,0.00
0x4527aabd17ed512aa2110a5969cf9adf89de26cb,1,0.00
0x4a39be2b86a9767c5f022239063cea35299e876a,1,0.00
0x0f638c2cc65d72c1aecd056d1fda2918126fbdfe,1,0.00
0xfbc83d267e93df9abbda960034c936ed0692f1a3,1,0.00
0x2eac6dcaf526ae4ab6db1049549f267ef341f837,1,0.00
0xc65aa07a7134b08a558cbc29aba93cebdfb02a33,1,0.00
0x561cda6d6002dd602609ecc445de5d32d0683abb,1,0.00
0x42fbff49e895f565dc2594b654940fae3b8f4932,1,0.00
0x88c27d643f3e7fb9980241aae58b5470fd1ae09d,1,0.00
0xb9c52a3f09318a31ac43bf97f1873d9d3714d7d0,1,0.00
0x770d6697ea69364c4825447416bd8ff6bfaff007,1,0.00
0xaa13838ed16c2e7fb3e78b48a4122b03bd947561,1,0.00
0xc42b821f3a44f020ac4857d57573eba40833356c,1,0.00
0x40f6368de23f34676463200a5e4d3decd3308ea0,1,0.00
0xd471df225db7bd8095b142d6648cddc81ff69b95,1,0.00
0xf28e5beb9f59666a81ccc870f77624d7fe8eb84b,1,0.00
0x8a7ed329cc807c34c63bcf6c45ad963d69937abc,1,0.00
0x66458831e2f929fcbfc64250e1071cb9591cbc8d,1,0.00
0x8ebb539b645a7053d3f5c149cbe0f7045df2a1d5,1,0.00
0x0f741c15053d916d76c081bedbdba862dce86db7,1,0.00
0xc01585bc4d4d6063b08ccb42325caf29a076e971,1,0.00
0x1e252349dfce818a0454d038897ff5a0d97c7e4b,1,0.00
0xb3018e15eee0af47a3902f952ff62236cafb785d,1,0.00
0xeffca0eedb1899c7444e60144d7b81dec37055f2,1,0.00
0x1328a5239633795534b55a6022ebab5ea8860592,1,0.00
0x583619ecbaad6d437460c68b0c6d3736b5e35eeb,1,0.00
0x856642c0a158a0f17fc0d255b85f49a63371bf66,1,0.00
0x7f79181021ddb0edf7174f7d9aac8976a41e4ce6,1,0.00
0x3e179600deea728d50fde2085214a710004bb5fc,1,0.00
0xf47298ddfe93d096d0f604221a7919e14cf0922b,1,0.00
0xf62d685f2a68e7900f4ebbc5a6cfdcb5ac7c1963,1,0.00
0x32be55ec3946907b076608d92817da15d1bd73bd,1,0.00
0xa8ef8b6a369cf07f2bac69e7a130edd4dd581dc1,1,0.00
0xb164078f4b573b20e4d4bc988097d4a7fa425ff1,1,0.00
0xf5c722c970a5d90cc5b32b233e08f7324c68cea4,1,0.00
0x628e8030fc72c7ae9bd1a009acee04e690901023,1,0.00
0x98fa341e2f8bacc75a5c0e3ca35b666b7fe62f75,1,0.00
0x5d1f7101d680a5eb3fccb57bd3f8d447486ee1aa,1,0.00
0x45bf8a15c55b0610bb611a3cdd663df9f96855fb,1,0.00
0x49e056d7d0f68d343b4b2b398bd1c68c146fce83,1,0.00
0xc9aa162b88d09a491b23c38b23faaaf3dac96585,1,0.00
0x42d96a42802a5baafb512c1d14de086f8d20bcc0,1,0.00
0x03eebc0255584598803569e0e6fabe5cd3018d9b,1,0.00
0xa647d2daabda59e29b17e36e351603b55aaaf1b4,1,0.00
0x0565879eb9e81bb264f12f6fa1827311e4732625,1,0.00
0x5a3b452cf3124faf5ec339a46fd185acc4b70e4e,1,0.00
0x986273dda534aa7994be2c70ef6f421a5ef43407,1,0.00
0x6c6703fdc0ece4695f86c0cd889ea8700f337b63,1,0.00
0x57e7f3153a85d262b48efd103fda60f7356d1bcf,1,0.00
0xc246481f9f57e1918159f2c745d476805ed6754a,1,0.00
0x261e48dbfa4acd505ab59ec5a65c1f5ccad2b800,1,0.00
0x1859cf10262c6528f4c53ff96a10d3a524741a38,1,0.00
0x0fed839a36002ec440629d4d07a9610b956f72fb,1,0.00
0x8a71a81f119d85f0750c50d3abf724817b8c7b6b,1,0.00
0x6af5caa9ab4772f5088801cfe0517a3dfef5eafb,1,0.00
0x9f0f72e82adc8f26a1284a732cad2cb65c27911,1,0.00
0x81224cfc8d5af5288647d36a8d44f4addd04d665,1,0.00
0x25f11abb6e6cbdb76c14ff39568c82e8799a4fee,1,0.00
0xb7a674d23eb6fb21c2d0b2f5c83fee7761894f46,1,0.00
0x37f2b3a233336f23f4557ddac21d2c7beef29898,1,0.00
0x64f2fdf2a025949614b551e6bb8db7b27f17d0c4,1,0.00
0xafb1026a04a0988f76145776141e67f205adf689,1,0.00
0x7fd8f6b669964d217aed9b325ab5fc1c3ca2e249,1,0.00
0x0ad50c58d425a264105d826f65e9db156bd864bb,1,0.00
0x10fa46482e778112e98f6d669184f0837091b1c2,1,0.00
0xb4ddb602cb662f5a9384aea927dc2cac42899af7,1,0.00
0x337839612def7463bf9d64c9887c8e1ffd4c3886,1,0.00
0x8572282cc6d0928002b5cb99641813c505bc331b,1,0.00
0xa4f03e1cd317e55aa37878f439e267bd1684d2d0,1,0.00
0x98d0d6fb9825bf300948096427d676a1f088eebd,1,0.00
0x605d9661b8d1965dd4b924931d998a98ee08ae82,1,0.00
0x2fd2043005f8cdaa608a489c246eeec3d2c89728,1,0.00
0xf824793cf1ae271a22e3d20614e7f3041cce043f,1,0.00
0x323166a31a1cd787a7dcda76c08c28f2acc02160,1,0.00
0x01546634f3b0b8261bfbed2e71734116d8c14cb1,1,0.00
0x601ec324f931a49522b314af0c4d0dba926fb3b1,1,0.00
0x16e1f981a495bc1e2915721bf8b6f3a66f99c551,1,0.00
0x89522d744b0beff58bfa3b56374dadb1055250af,1,0.00
0x8b9de4fca99d4c95c909a225945497b18c49cd16,1,0.00
0xe296c1c5783cc5d18b7ca58f0916a009df6bb40a,1,0.00
0x0e86e604ce320e0a227b748d62c5ec4523825e3f,1,0.00
0x24f75a4358ab97e34dcd0d10681f584eda548469,1,0.00
0x1c0147bfa9cb4ed23666cf0dd8404a4a13c907f6,1,0.00
0xc84e9fe56c07fd9ea72577616a7d76f14b482065,1,0.00
0x102f716f70188c3de563e1d702327054c6bec6dc,1,0.00
0x92390a0c341ebca0513d31aa37a6ec4a3ba4ce5f,1,0.00
0x4ff387b7fc981e1a625b6d7db8d1a4cf54142806,1,0.00
0x158d90a14daf33797c2f811ef198e991952193ad,1,0.00
0x5016501b78a1afb8ef33f97e42423092e40ac883,1,0.00
0xb31efa6a22da9e7a4348b99ff9b5c502411f0226,1,0.00
0x51479269cf033fe2e38dd0a41677f20e7e11d689,1,0.00
0xef1312b6e32d3cac3cffa3654d28b87f949eb477,1,0.00
0x2ae23b16012ea1d5cef834e828155371e34ea994,1,0.00
0xde62ccbb439d6288e1ea1af3525a6e9b945f2cdd,1,0.00
0x948e9fc372e7eddf2a51bb1df251dba05c1e1c2f,1,0.00
0x829de5978012375f45d01c60004984df800b63f2,1,0.00
0xf56ecf9176b4ba70ab779a90f605a96dbea8f3f5,1,0.00
0xbf89852447b91abffd3236df8d06ff41e7f25bed,1,0.00
0x550bcc03e701e511ca12ec5ddfa26a069c6af44b,1,0.00
0x5bd869019b8b692a2efcac4d0e6a54fa8684a3de,1,0.00
0xf4844a06d4f995c4c03195afcb5aa59dcbb5b4fc,1,0.00
0x795c2c1495ba20ef78e99a820754f4b4c469cc52,1,0.00
0x1f28b6cc67525766df47510311b0516c939cf362,1,0.00
0x0fb75c54038130a4bfb753c3aaaa21266625cc98,1,0.00
0xe879205fba1754e4c50e5237d5fcdd9411b3445d,1,0.00
0xd4433fda08aeb9791d75d8ba9e4bab21dc439245,1,0.00
0x18eb616abb21e46174d670225d132f99083785fb,1,0.00
0xef0a0f7f01bcba88b8584287fc5dedcb043b9579,1,0.00
0x7b24ddcf028539941eeeaf747f9b38f37016a715,1,0.00
0x31fb2560797704980afd75376c06ace296aad5c8,1,0.00
0x5f4ab6d809d285052223956b23010ced9379dcf3,1,0.00
0x0ceb1555aa9e3a920c30a0bdb0cb74a56c0086a4,1,0.00
0x0c968cc07a596eb76f7b3da84c2c1e1d7fc1de0f,1,0.00
0x406f4533b2f6209812d7ef9c7d69b8c54217c208,1,0.00
0xa14edd80e2593e93f7673cb6416636759b16625e,1,0.00
0x7ec2471afa9eed9d123c51ddd244f5836f06ca09,1,0.00
0x289dd6c0693e2cb6d440c733b6bdbe2852b900e0,1,0.00
0xa1d4b4b6592398b59179ed8322f026e2bb55ade0,1,0.00
0xfae8cb7f54166062ca939fab3fc20235ec7394a9,1,0.00
0x98f481ecac3bccf2bf5a772809e4508c730216b1,1,0.00
0x6ad00bc113d35e6bd13efce5721902c490c866ab,1,0.00
0xf58d2e145fd1820a8fb7bfd8e7139566522729ca,1,0.00
0x77a8abb781957ca2bb36c6bd76936ff0754e97fa,1,0.00
0x7c31dd6dad26cdc4ea8c5498a36d282da86dd101,1,0.00
0xfda23d6358a2e2a40bbf35489b9cacecca0e18f9,1,0.00
0x5693515e9bbdfa776435db014d13573817358144,1,0.00
0x7e07064e5a921a57eb29c22f179b20513e8a3485,1,0.00
0xac4a78e85be97acb6a788e330e6e47c33d81bef2,1,0.00
0x7e4b0b4746edcad35dffc05699f25c93567381a7,1,0.00
0xa9338af75a63a6cde7d6316f6ebaecb1f8a6d9f3,1,0.00
0x27629b5d175e899a19ed6b3a96016377d5ee4768,1,0.00
0x18e7565a561f4b46ee8b669b30bd0cb663a8c625,1,0.00
0x40a3231ef00514c046fcc31d0221211fda02ac5d,1,0.00
0xa02530ec95f9acd8ac901b46f99032e702be3f04,1,0.00
0xdea8814f37eb02550ed83006274be2ad21f11ed5,1,0.00
0xbf3292d28a93fb88cf8f1442cdd0271fd1026c17,1,0.00
0xe6ce48463dfa67970ec1a7b7b43d0aa2211143a0,1,0.00
0xd07ecd2f858ab61b28d6cd23a441033b4dea6015,1,0.00
0xdb670b8f73ab8b48598668f9f43ff5b11ac72c28,1,0.00
0xf9f5b3e819891cf27df7a008ba6318ff2c302e15,1,0.00
0xc3fa76716a31eebaad8b1d6999b59ec63ca7dcc8,1,0.00
0x7e5aac64aca346ea03cbfc8927e638e0c175071b,1,0.00
0x948c0f9073be6027f2e330dd9139121683106152,1,0.00
0x7ac67cd4f55947295b5c61fcdce9c30b1751a00e,1,0.00
0xc2a11cc47c1655f36d1410a7afc769f6b14c99f3,1,0.00
0xec8461ae017956a547bddd3a40ab9f3a1f9876fd,1,0.00
0xa7af5ca97c7d7809905d8af56a5e979b050b05d8,1,0.00
0xe38dd570aa7c0de83d3e7faa4c1524b8e398030e,1,0.00
0xab2023f1e546103d974b3092203e7bdc31d9dd88,1,0.00
0xf48e9efd63730df6bbb5f9e6060d36c9169c2841,1,0.00
0x8eb5faec2bd917995630482feb6c48f0cf4d937b,1,0.00
0xf970df19dc5f12a3105e6219462b503b830f7431,1,0.00
0x85c5235a63d908543c2ff0bd900c092c145c431,1,0.00
0xd5a22c663033ee11ec2c09b807fad4f2ce2d82eb,1,0.00
0xb2c777395a2fc2d24977b68d096e07abb38b2762,1,0.00
0x27132b1c44ed20bf54ed53d13557485dee422a66,1,0.00
0x47acad3eaa6970a4c92a31ae383515e8aeb7d5bf,1,0.00
0x22c55c85a072b90cd0f3e76fa77dd6b330477d84,1,0.00
0xde8000b0b66b5e2efabe1edb3f23c5b8842f2b2e,1,0.00
0xaac5fd750c90d65e46f864aa7496532f6f8efab7,1,0.00
0xcf580b1d546d304310969df157353634bc647888,1,0.00
0x1198f82cd8251b8794f4c69b4a615244e7f4ba17,1,0.00
0x80295e047d289a5ad3fb83b4dc52ffdad88b7caf,1,0.00
0x4e81c7048834e0b459e5797581a4b83082419387,1,0.00
0xc66812dc40ab5ce5752eb078a92888d6f0a0d8ec,1,0.00
0x4ca53b54650398cc1d1f927e839edbc43d584076,1,0.00
0xa1825b9fb5387ddb0c96e2f6f742aa13e26f4acd,1,0.00
0x921223e38658fd80c8c3d2b7024a38f2d768d7f9,1,0.00
0x4af172ea0005baffbb91b2c845b2d8323b8f992f,1,0.00
0x496467a6797f9608e3bc717bc370c53cb23fdbc9,1,0.00
0xf143db60a0b1cbb8076b786eb6635b93f18db744,1,0.00
0x18a2746e8a58a4c72c1c3702c7427fdb5ed9495f,1,0.00
0x5ea2748f558fb224be94736c7bf048f673b517cb,1,0.00
0x2db12a2508839719013bfa8a1f5ad60fd139d2fe,1,0.00
0x38410fa808bf92003f47f422fb2bb4b955470e88,1,0.00
0x8312cf39809040c794e5b3d17cd6ad947729cc77,1,0.00
0xf58a82a8da41ac41d1f210b0cbda06f5a01a70b6,1,0.00
0x95d5a2366b8f11a18ad9be300086fb5005d80241,1,0.00
0x63faea5cd62be1e8c40b0c82e039833ef03e5959,1,0.00
0xd60a870687c4a2663809d4671272f36a4fc10572,1,0.00
0x895746c6b9e72e95eb274447abde911ae700e40f,1,0.00
0x7588e244e8194e27a6fa172eab87e7904cbae0fe,1,0.00
0x0c92b32a825a41d13066a22c60d57dd61d6dc03b,1,0.00
0x3839acf1ee7699d1f46b1be840d8ad8317fdf757,1,0.00
0x9aa30f8c76563a6919bd616adad9167ecbbee7e0,1,0.00
0xde560e2491c1fc3a28d27f44b46a764dfc186a4c,1,0.00
0x1b2fd9b2c38a0b141de08a407bdf3a8326ca0ecc,1,0.00
0x000000096a20a3f50f7047c633301d1bf4ffe9de,1,0.00
0xbc156f6b9b1d56a4a9a99da5b91abd12c6ab85d0,1,0.00
0xc2ff885e375779095a56d3ffd162d0ab88a26c13,1,0.00
0x0b916516ad0a7b7cb717e8edd97b9cb3618a11e9,1,0.00
0x44017e65656063c456a3c7dd0e76ef2b99190d5f,1,0.00
0x6d4f97bc946e75b3e7ecdd88dedacbe46cd41870,1,0.00
0x33abaf6f3d324c68140932903fcf108cfb0548b0,1,0.00
0xc8784aeed8a19c6ded68bd192818d50646130786,1,0.00
0x30949551946587f0e9756168e6aabf36b070f268,1,0.00
0xcb6a7593363575f6b58b0c9aa21f105057ba5fb7,1,0.00
0x9333fb6be6787ebd44d42ecc27e768afed0c3c31,1,0.00
0xd08cd5c012b1de8ed73c7248074a56443476da94,1,0.00
0xc51a838dd36d35bc3c70ad0d064c1c7a66cbfba1,1,0.00
0x07f0f562bcd00407aca177d77b55ab23da1ec806,1,0.00
0xe1809e70289b28746640cf1ce3995f6557f0b8ce,1,0.00
0xa6cdd100cb937481a17620485c00fb648a4d66ab,1,0.00
0xe3a8cb8910130d54048a76f75880bb35dc57212a,1,0.00
0xa68300af16eaa2af979c3706bbab39c677857602,1,0.00
0x974b198a916207597307070508f4670721153615,1,0.00
0xb9007730f3779a854a6fcf00332645fe5bfe35fe,1,0.00
0x830af292286ad0384bd14e67d7c55e0cd40005b4,1,0.00
0xb50ae2f4658b293cf45c3535d8d186638488bb09,1,0.00
0x072e521e6c2a24cb41ba4b0c0f939b679191bd15,1,0.00
0x4504e7197babb7a6ab4afa532886ddeb2c22bc54,1,0.00
0x5145866b80cfd99eeb968b6dc7148b921aed61c4,1,0.00
0x93e79cc5a42f12ddfe73262ffb1f9535e263b27b,1,0.00
0x919741e58a674a24624a6a00893bff67b24e37f3,1,0.00
0x4d78faf189db0014601d6b0781fb198e804f662d,1,0.00
0x243a81e95914b544b4b08507288a8f6f692ca6cb,1,0.00
0xde08b780bc44f3c6f2ce4de59c47a7418c7d3891,1,0.00
0x3eb48ef3d86a3ee3937c5b05af13d886d556d8f5,1,0.00
0x9c880a0df075b2a2dc5ec9b5aeb2f0215963f14b,1,0.00
0x28f4a9a2e747ec2cb1b4e235a55dff5be2ef48d6,1,0.00
0x60acb2e46c51ea2ad772f63da414a9e145a90882,1,0.00
0xf3b498c1d825d4afb3e79e626de83516e11b4f31,1,0.00
0x52334c23539324428a60bcf10ddcde1f77140588,1,0.00
0xf39fd6e51aad88f6f4ce6ab8827279cfffb92266,1,0.00
0x1a04748c5a4faf7a34f1cda388b9cfaa6888395b,1,0.00
0x55c8071148fd4a14fbdfaa4c1e87cf1a9bc1ad6b,1,0.00
0x240d9d7a63f4cd5194802d1d530912011cacf386,1,0.00
0x3af0969f55715a2ac72343a4a5d6652550ea9999,1,0.00
0xa76aca33f6fd94c576ca91ff6cafd24569ab44e8,1,0.00
0x87bd74502df551659a56b9c51ba2d483fdc4741c,1,0.00
0x45e44a5731b637a0c5d9fef917048e43c78c970c,1,0.00
0x36d97ba2ff74e59a615748ff15e48274e399710f,1,0.00
0xe7e799949baf7c57f803578b1edd2fe88a30d8eb,1,0.00
0x0cc41475ca4f4980109496ef2d99be7ab14f521e,1,0.00
0x7ebfb4537708d613d263578c0e34b559e8bc990b,1,0.00
0xb5dc04cff504fd506a3a21b0baf4df5de0211d2f,1,0.00
0x5ffc8c0d0aad9863ad6d51039a907cb9be778750,1,0.00
0x366fecde346d636f02ed55dfdf69ce379386f737,1,0.00
0x1e2d536fa000f66cc46f6909070aca8d58dcb4b0,1,0.00
0xba45dcf5a16e80ff333873b0418d362769208b1e,1,0.00
0x39ecaac0f50ab3d0e3cb5aaa7ba11feaa85c4b48,1,0.00
0x8e2af2958757d01619807a344ae8eb53bc9acf97,1,0.00
0xf904601fc2c7b04e74cd7d196cb2fe955d93b8b6,1,0.00
0xd089918917ba4d4272f5b740321cdc12f1b85773,1,0.00
0x83d4e39679d0ea18eabed3eeb61abde86f203382,1,0.00
0xc6b264baea51d63ffedd235ec32c8798cec29e9c,1,0.00
0xef96aa9d98829d7163122b23a04aea1639c44252,1,0.00
0x1790eb7730b3216cebe509c38ea5c31b2ee5ea91,1,0.00
0xfe3a57772108c4bd637605ef412cbc77c7fa04dd,1,0.00
0x70d5400be5fa1da4e92c912d11584e96512906c9,1,0.00
0xb3543039c2fe0edc43362bd5e99173ba3a2db178,1,0.00
0xd6ff17cf7382ea4e71a2faf08e7e5b1507baefa8,1,0.00
0x420e264581e09ed7cf0998d1083f3f834786a744,1,0.00
0x07d36239db847659b2634483e6380fa99cbec719,1,0.00
0x1c716e311b3c94dd3ff1a5460c1e4838d04f2b9a,1,0.00
0xabc837feeeb448d36173d92d9563f324bc3a273f,1,0.00
0x8fc4faa9dd274dc801ca629234e83183031634ec,1,0.00
0x0b24f3670ae4d18d36df47e334b8c31d041c0c16,1,0.00
0x0f1a724bef2033b78094bee4a59f96a3bb4e4ce8,1,0.00
0x9c9d341658cd8be9023c8b6b6cd2179c720538a0,1,0.00
0xc494200ba7b07d7d958acdb6b8519a87a2e25bc8,1,0.00
0x322d032ddbdc0aba1908ea6a9682a4ef83796c5d,1,0.00
0x920c577052d218b5fbd2c335ae4231b47ad35ce8,1,0.00
0xd410b67edb75d112ea73e7d547d7fdc89b8c1835,1,0.00
0x81d153f4d3eae90798efeb91fb7b5a5eae0c2501,1,0.00
0xd5600c3045a364fd3003f46024b11c8377cd3de2,1,0.00
0xa0c9ea7dcd2a50fc7ad758b96356e99f04b9861d,1,0.00
0x0617bb3fb9ca7bd0ca93a44ad0f93849558e1f72,1,0.00
0xb35ebb0db7aa46c913d3e75d041c857cb6423988,1,0.00
0x7b1113048c8ba09050a70720d2aafe2ef581f7d8,1,0.00
0x0594402acdea38fe404563d9f8c532fd995b158e,1,0.00
0x5131cc2e56fa26c3e094b4de46e43c80f1a54763,1,0.00
0x86e1159a359a95295adaddc2943ae6bc9af221bb,1,0.00
0xac8addcaace35a8414e15672075deec4de2e8a2c,1,0.00
0x03de6ad0400b94e8ff612249ed16103bc080837f,1,0.00
0x12e929fa77e029d6592f9f2d45f4a10c804a6c51,1,0.00
0xc741e8d3dbde1255e2961df114ccc66075c5a6d5,1,0.00
0x8910271d97220f72e166a001ebdc0563ee3887fc,1,0.00
0x4a31f85767ea56be3de00c413d23a9edb58e5647,1,0.00
0xfd69a78d770485407efca31f68348600437dbd9c,1,0.00
0x30c1fd89217ddb02ee8547c419edcb6042404bd1,1,0.00
0x0412c36a7494c978b7dc589e8f2fa36f3d83baea,1,0.00
0x34b0317385d4b642d552e0656090d119ba607e6b,1,0.00
0x52c5255a6b488150f56b9bb310eecc77776bcb03,1,0.00
0x2eefe06d7a13e7f5921060b503684ce5182d0ed9,1,0.00
0x5b9d59531aab30a5643f81f8ad6741a81a601705,1,0.00
0x58f206c711ebba73576782773c7b096ca93b100e,1,0.00
0xc670d7e512eea29d7cc5891ddae26a6057b64640,1,0.00
0x5cf91bbf4664e55f9960978d4d366b0195396cb3,1,0.00
0x7a7a38a3bc38e7fab3e8dffe513d9bf6f60fda31,1,0.00
0x1911266d77371c1caad8fe6ea56d042f37487a6a,1,0.00
0xf6128387ee9626b6348fe9e342dbd736bd800d3d,1,0.00
0x2edd8de90fdf951d7179d744735bcbc24ec692cf,1,0.00
0xcf98e024e58a9bd63f04e8839bd2e3b56c1c86df,1,0.00
0xf25842d3ab2d47f0e389824c2778788aaed990d0,1,0.00
0x1f6b67db0061c275bdc69560dce8166dc4b5f6e6,1,0.00
0x89378baa5d736b4fadb5a6c3ec030196ee8c0d2f,1,0.00
0x2e3b95d6744265b0357015844157dd0dc0ca6e89,1,0.00
0x2d219814c132255e85032d5850bc41199f751720,1,0.00
0xa38aeb1b54bc2d76b724142c599d3b8b5f5125ff,1,0.00
0x787551ae0ab07de8eb91d1535dbd37f379b0111d,1,0.00
0xe7c4cad976eb0cb0746b5090c87093b33e107fcb,1,0.00
0x669735809ff59029991d52435b274b1b18ade6a8,1,0.00
0xfb78d4757f1d2424696d20be44bdd20fee545703,1,0.00
0xbe6206a2012555c7bcc71d4c68bd403a692f6e3e,1,0.00
0x8881c3eeb9a0f71b8b4682dd094c1a98ff399999,1,0.00
0x7e74b96b603ac6db8bccfc70c7ef745eeaa7841f,1,0.00
0x3e23f0b3ceca4e3c21b78f7cbeae675d40ef4af6,1,0.00
0x2333fcc3833d2e951ce8e821235ed3b729141996,1,0.00
0x22c44efb95ce04c1590d5e261af7d6ee64b74c64,1,0.00
0xb7b2c4c044ebfaf6accc4d3e7d57cedbffb6f07d,1,0.00
0xa43926be4ccb032ff89e9565634075af6618e704,1,0.00
0x2531b2ff6a7f08c6ab12c29d1b394788f819deb1,1,0.00
0x1a1b4dabdad4bb8e0a56e793bb3c8542a03e7be7,1,0.00
0x35bf8c361aecf72e840df5e4d3245f6058e5e6ab,1,0.00
0x0c2b2f038bb1f6c22e89d7eaf4f377cd63e31d40,1,0.00
0x67d9a8f4b2caed09610cbe4b664662d7f9698ff4,1,0.00
0x2acf90e1991f2d5164561b205f1e13649b1314aa,1,0.00
0x17cd4557b6a660a906acc0224f7decfe4a58f503,1,0.00
0x1454682c8bc5df73d2eeb2820e253163d6ae973c,1,0.00
0x3bcd49104d482d92e14a7b7d58f8304fdc1350bd,1,0.00
0xd9a755d1720b1740e2d7c0d3318e4608c3c7ec7b,1,0.00
0x0babcddaf9b47af5726d07fde848bbe1819c5b56,1,0.00
0xbb2fc3786dffa8b9fdab7b2fe7f60fce6d03c66f,1,0.00
0x3ed2a0b5c555bfa9900beba673ed49634af5c432,1,0.00
0x973b44df31b718a9388c8751171003d30dbf0ef5,1,0.00
0x8e912c25b8c71f1ea252720c01a015e7e1f4d70c,1,0.00
0xf28cfcedf9ba27718a223ef5272201ae46a33cfe,1,0.00
0xcdd70db40f2569878d7ec94c8f959a1543d4b5ff,1,0.00
0x6186290b28d511bff971631c916244a9fc539cfe,1,0.00
0x982e09ebd5bf6f4f9cce5d0c84514fb96d91c5f9,1,0.00
0xb4bf508b6f537498914c17dfca806eb40f3cf474,1,0.00
0xad1fb851e54c55d65d8cefe65f9e4c64a83650fd,1,0.00
0x76c1e7d7403706556af3d55da0ee46258ffd6aa6,1,0.00
0xc123dc5040bfd551dd61dc5b3052b0e356f9717b,1,0.00
0x510e4275fdffc079f95421b1487a31cac5c70369,1,0.00
0x40f0bbacf366b018755edcd6c5ad554cfabd065f,1,0.00
0x39b2bd7b6362f5282b98a3f5cf779e2b3457f82b,1,0.00
0xee3106d27e6e9c5b329e4d39213eff3d5698080e,1,0.00
0xa56d6ce98f7443321a62cd2e41325a3fb354c6b0,1,0.00
0xeebc1e94a3c49753c6d18ef02b5aaaad47f740dc,1,0.00
0x78242207270b538cf6998a66368b875b135fd70c,1,0.00
0x37a1bc3233d4b21f0b1ac462296bcf1e009a6103,1,0.00
0x1aff1e0f1d5f76f92145a278d8c31af9ade783dd,1,0.00
0x118069824142e52484a965de6a617f7efad42890,1,0.00
0x3540c4ae7eba3236398269d2183f8ec18cb0405e,1,0.00
0xf9ad8733e2c46d502f204a58a2be0e477e3a06e5,1,0.00
0xb5520299f41760d2a5a327254ebbab133320975d,1,0.00
0xebf622215b0273164182fb905f9ad00318c0458f,1,0.00
0xb595e98535cf2b95fa96615faeb04e608ac84c90,1,0.00
0xc5338f905c1a1c061ad097083c78f9c7991a537f,1,0.00
0x07e93bc0ddf150cb0f6c261452cca21713464178,1,0.00
0xa5910df0ea874ae66ededef0dc2bf2dd0aac3304,1,0.00
0x54ef3c1de0f1930f685d710af692f53fe512c37b,1,0.00
0x30bfdae3ce125a521bdaa61d8dadcbc905cdc453,1,0.00
0x21d90e6f18f3848d9e45f34bdb4dfdde3fa09d1a,1,0.00
0x0b2095ed0377f44e7ee71883469a2983b8ebc96c,1,0.00
0x2dae601914576c6b31dabd711aeb21b1d13bc1a7,1,0.00
0xbc7b2461bfaa2fb47bd8f632d0c797c3bfd93b93,1,0.00
0xeff9d6ced031a5ada45854aaa4381a8740c76474,1,0.00
0x1af331dc34dd7c5c62af28b5685328318b61888a,1,0.00
0x6a4c5885a1a4b4ee9444d2028da6a89436d4c823,1,0.00
0xc082bdb52b9f341d8ab5d8ae9da708d13c230cca,1,0.00
0x999c1a0d9b427b99adf5330e468d2192b8da6d5d,1,0.00
0xbf465d3231df7f8a04c8524c02fcdc9f94142d71,1,0.00
0xd0be01171b75fc23a938e28d5b3064dc3cdb14bd,1,0.00
0xe22485a9b6d2f0d1e019bcfe6560c6ceaef126fe,1,0.00
0xc6c1333e7b5d9cee0584a17d66a3ba0ce3b8879c,1,0.00
0xb8f2587034655642520e90cd6507c1967d8c33b2,1,0.00
0x397c6a62167e0c82761d4e3b984151ddd839234a,1,0.00
0x5292f6de3ade7d6dca05c1aa41b84d9845f9f0d9,1,0.00
0xa80716d474ba3630986dfdb04220a65abef5de16,1,0.00
0x39275cce487757752e33c40591a7a897ca9e31f4,1,0.00
0x4589c49c2379b3b77b07ba3a3fb639219244a5c6,1,0.00
0x9d898899d5136763d26cef393451b0296e28359f,1,0.00
0x3bb03f75cab6c5f041946c50ffe9ba94b4f46217,1,0.00
0xf1ea23ce57a9fcce030ee92229c98a5299fc67f9,1,0.00
0x3bca260d40b0e0000bc51f9cc4b0a53e8b4d1141,1,0.00
0x8e3a706b390a4c9b0ed0d4fa3d3516279f049a3e,1,0.00
0xfa5ab4d655568ffe66b7c455c908326d7f9b9bd8,1,0.00
0x0d66f74f19a2e36bc0134e503cb3921533959d31,1,0.00
0x3fce14b66a2323068059dc143181f93256679ffd,1,0.00
0xcc6c1d21e8474b3578e69eb036c712ab08ffdfbb,1,0.00
0xefaae4b47b803bbfc9bace95bfb04d7139429e04,1,0.00
0x3a1acd59a0bfa20706bccba9d843a3f0215a5b35,1,0.00
0xa1114eaa6d983390c49e9e29235c75f516674643,1,0.00
0x30a42d9eb293407f408099944e31632e0f167fe5,1,0.00
0xa996ccb14e789c6c9733ae698c29a42b5203b06d,1,0.00
0x06b308a7feb1b42c1fd70f449f06b23478b9624b,1,0.00
0x99715aeb24c1192a2fc36361afbf51b25ff2fd8c,1,0.00
0x839d5cc9e593aee2e8a3fe5d94b182c4bdde10b0,1,0.00
0xa32fcc1b3d4e2b597cf626f98228e68b63ef46f0,1,0.00
0x971c2256bf7a42b86370147d7e349dac0a434f63,1,0.00
0x65a88d58bc39b69f3072941acb490eeb432e4344,1,0.00
0xf9c0cc5be834c350212c9df1935c76f47ed687f1,1,0.00
0xba1ba61ff159422bcb07f78017186624e94e6936,1,0.00
0xdbf0989e76692d7b6f2ef0b6f778fa04f3a702e2,1,0.00
0x9a07ea35d026e3236fa16506bdfca25dcdd11950,1,0.00
0xd6756d55ee43b61d3362c0678fbba85d755e659c,1,0.00
0x7d8c5a3928bc82b7c08c2c12c9414a5ef478a3d0,1,0.00
0x964fa0077c16e13bc1d1708dba0dff5c1c02f8c6,1,0.00
0xf886065211fa7338acadfb16df638f81dede1817,1,0.00
0xbd1b9fd0b74c9db22fb908e385d6e7a7cf50d618,1,0.00
0xfae730760f3c308fe2694823b348de66ef63ca29,1,0.00
0x4f3b941a968f2b0e39abc51514d97ee258daf185,1,0.00
0x9575169af4b71751f4171108a2c70727055cbfea,1,0.00
0xcc66e82f0c6732adb5631b80b833ce0ef2de290a,1,0.00
0x69d79f75122602afd21b5d4aceb4906c67f269b8,1,0.00
0x479714281560e46c99da9c9ac09a378e92b0cff8,1,0.00
0x2938b2a7ebf9a59645e39d51ec5eca2869d6c53d,1,0.00
0xb1712b4004a82bfaf24fd858b5f79c17b7fdd98f,1,0.00
0xcda31ef080e99f60573c4d8c426d32b05a44ac4f,1,0.00
0x27c8d892fdc446cdf47fdf61eb3168633cc47c24,1,0.00
0xc39e1d52edfa7aeb4c1b11f6b2973d32f019f051,1,0.00
0x51e3036b312f0e8357c69bb5ae758f994aeef988,1,0.00
0x9787244a52c455ab41707be736582f1d1f6897a5,1,0.00
0x350dedcc07acc2b3a430037435451b8d17fe3248,1,0.00
0xce709e6cc31541a7e77aed11ff5e556f079f8f8f,1,0.00
0x019156d490af3f0f8d59abffcc66ce21fe74b6a3,1,0.00
0x9f18fa9cda0f02916547a4d4db4e385a0698fe3a,1,0.00
0x4257bc72ea94e5f7459190dee12236ee7ee0203c,1,0.00
0xa41131ecf722cc820c3aac7f7c4663a10f2975d8,1,0.00
0x0f607e317e6e1534e0c6eba4620ca4bccbd20ca5,1,0.00
0x8af39d49ab30f6fa88d17eed8d955dde2235394e,1,0.00
0xf8debd19089ce9e9137cab382044401c736c5c3c,1,0.00
0x707a547488336b358e1a24b749e4867bffee7aa9,1,0.00
0x06b308a7feb1b42c1fd70f449f06b23478b9624b,1,0.00
0x633a6cba7b2642f83380f1c88464c3435e341191,1,0.00
0x9acec584fb13c1e2956ce6b4113ec2f7400c5f00,1,0.00
0x072b1d216afc5ea57a65a03ca06b47df0b08b9dc,1,0.00
0x47f758e03fe7bb1290eb2d9a77938ca5034db5ca,1,0.00
0xc46e9c793bb3d82834d9e2df6ca4426e6e90cd24,1,0.00
0x58deb023e4f18957b1edc0994f4a385e61d0923d,1,0.00
0x000000000000000000000000000000000000dead,1,0.00
0xad4430dc569c9e942ba105642901baf25bbf25ce,1,0.00
0x04609c40a01168e20833f21c3fe595d6b4926970,1,0.00
0x214ba11ed6ab3432d7200a375e2d5916700b44bd,1,0.00
0x05ef193fd2ddc6bce708bb69489b2c7144cfab8e,1,0.00
0xac321bb82ea6cafec9fbf06288416e97ef81d0f3,1,0.00
0x23ce144aa082eb38778aff2379fdbedb9ae057ea,1,0.00
0x2dee87d48f2ff96c284bf48f825d3f0333d89421,1,0.00
0xc917a76794ff56c5c59b56468b435915b6d5d852,1,0.00
0x6a45bdff8ba74c6b60f2745a77a0ad0487b31aee,1,0.00
0xc5f48d52ccf7ac2824ad8a1bb4d20751ce923d08,1,0.00
0xeec47149bfec7c69f8379d59967a4496597ec8da,1,0.00
0x04be358ff3caf8d18451a96f6dea1518988fbb23,1,0.00
0x8eb93ecd02ef88933d04b28482a8ddd54c1b2d89,1,0.00
0xa66ac78caf3e8252675cd8d4bb021f6a72691a9b,1,0.00
0xa8b42f03cfdae121e2d28d92522211c7080c280b,1,0.00
0xa55ef4eac24afffe07988a7f21c90d793a55c633,1,0.00
0xc13f69c9e6e88a492ad93348249116888c84692d,1,0.00
0xa9c30704b87d571b915742ff8f179873ff3d8467,1,0.00
0xfc35a2146f371555ad90853f0dec0a7d8ec5532c,1,0.00
0xb144d06bfb9a5d0cb73a60735e50d66b22fea0e0,1,0.00
0xb37a9ae3be7cc57da5ab7ed80cfd84c4e32d3177,1,0.00
0xb4d9e3c7357cd134d36a1f3a11111e59dafac447,1,0.00
0xaffb4f40fe791fbe987333337181b06cb9d11237,1,0.00
0xb1f73364b49cbc0b869a639aed3d8600d4eeb682,1,0.00
0x8e02ed416c96e07805cd3a0855f000f4d5080b75,1,0.00
0xb77fdb6df5da718645a103e2cefb8f3fa505d706,1,0.00
0x9877699a9a71b10f84e76b4b0e4ee16e682d0e58,1,0.00
0xa393511dce4e695cef3bd941598ca9c8e03060e9,1,0.00
0xb6bb272b407da20f3272ef88636fdd6cfbf4191a,1,0.00
0xb9e2ee698fb00ae4fac1dde0fbe6552b1a1129aa,1,0.00
0xc033704026fd788081050dda438e8ef54499434e,1,0.00
0x9b27f58acba9cd949fa64169d528f96d82ce60df,1,0.00
0xc6e147587ccf417c9b4fc9f5fa53e1f344793c97,1,0.00
0xa5298a3712d7a84902999d52bd94bfdab7c36213,1,0.00
0xa0668ee45bdd1190e50246dfdd6ed86675eabc68,1,0.00
0xa16de8ea51ad660365dd42b3999cb8c1c69efed9,1,0.00
0xb5c29952abfa9ca99bd7e6719f558b4512c08aac,1,0.00
0x6894a31f13e1d95b7b7bfe24da3b05a5c2c74dae,1,0.00
0xb71fb919489092f5262cc39235f1bd18f728dd4b,1,0.00
0x8e53d44b7fcf1a43cec6b312ad842927a0716261,1,0.00
0xb92fed31bd800fdf28eb4be480f6bebe965db672,1,0.00
0x2479e79577e472bcb7ea65acc1cf56a6ccc5d3e8,1,0.00
0x9650cc6a6cb8cdacd9a9d4fe6f34007af2d10139,1,0.00
0x8d246423beadbb4f4560fbc583e728a576917449,1,0.00
0xbe4164bb6e7962a1d3ea15096b005c71d812e5bb,1,0.00
0x97f49e6ab4e22cf3ae873a10755a32fe1089c2b4,1,0.00
0xbd3ed8a3e0ee174b6dee61b09681757e5a864ac9,1,0.00
0xa3b55d3bed125299ee5f498b61bb543b81da634a,1,0.00
0xb4dcb9c852189250facd5b6fcd81ed79830b79ab,1,0.00
0x56bafff8f6e61f77a66b506d48f52e9f150e3c08,1,0.00
0x98972587a631dfb499cc0058e86d489d70fbef2e,1,0.00
0x87dc66582ffb5904d944e4db981f4b46a3034c7f,1,0.00
0x959358bbbe688c66d9cfa140aac96762ec2c10cb,1,0.00
0x37812c8af30c8e3ca2f8b93ba459adfc52cf9e61,1,0.00
0x90d448c43de4b0724aafd3deef594b978ebb1f30,1,0.00
0x9209b395343d6b036ec57af3c03dd81d47f3dc9a,1,0.00
0x043ddb5d9af66a3dd83e617fbc0be77aee195ee3,1,0.00
0x92beb0694bdb2b09d6b2132c75d8e41ab896d1f4,1,0.00
0x719feb0c40dc35cb75e08305cc6f6bec4cc7a078,1,0.00
0x88ee298e37f323441713f79ed621e05ff70a79ae,1,0.00
0xac13533ea275ca13127d948e3b69b50c2633d49b,1,0.00
0x8fd17e39ce19c45f1fae88b2ffdf1ff85e950039,1,0.00
0x8c9cf852f6befbf1ccd8aa52721ec645a8e7d819,1,0.00
0x85e79902eb2a927c9a6d38d4915892d5367da3b9,1,0.00
0x87af7bc0809b19e9949b53f7c3b80eedc294b557,1,0.00
0x87c11019978b837973b3d4ad9e47f1ccb62a4238,1,0.00
0x658869c45d009034944f183b9dbee29bb222abf1,1,0.00
0x1b556e45f2bbef978e7b1ca32e378b228f02f7c5,1,0.00
0x65d0d92a69962c0e549aa38887626d97c2a751de,1,0.00
0x98fa4127f82cff206e074017e2d42b96733a01f9,1,0.00
0xa357662d18a937afd17a3efaa9871e71f01502ea,1,0.00
0x5b639d8a2aa4ac2611f6eeb8ced2db799dffd8c1,1,0.00
0x165cd37b4c644c2921454429e7f9358d18a45e14,1,0.00
0x4d6755c8c594781bd1b9178cf780fee1744d34a2,1,0.00
0x54ee78130de918e7507b8932d140bffd105ca856,1,0.00
0xb96f7d7d5bba66275c076c631198e76938715bbe,1,0.00
0x74514d51667d939bf56b4da53aecce718936491b,1,0.00
0x46060f93ec36f13eeccd6f77236884d63f3c042f,1,0.00
0xd61d8428eafdcf97767dea77cd05380e06a33125,1,0.00
0x8bb23e1a32634c5d205fff84415289e894284ee8,1,0.00
0xe8def3699dd8a6dd4ca95fbc3ee54d87007bb907,1,0.00
0x23d67d8f2a31efbadc4281069661320ef15b15aa,1,0.00
0x9c1ce032c4e869a73ff1c213b4496ee5a4959618,1,0.00
0xf4981be216bf77e3f698015ecee8769f9d957be7,1,0.00
0x95f2591bcb227e32ebe2e4b4a9f4d6e4a7c18dfe,1,0.00
0x4293c0815daf4c38b7365c8ccc520229b0489ff1,1,0.00
0x648102f4e0c3b96b78989132ace2f30669e9839c,1,0.00
0xc382b8dc3e53f9d4be378a4ea03f63c531644646,1,0.00
0xd18a16b9eb1d3a83ee662781ad835307cd1c49c9,1,0.00
0xb15137f5799494b7592288e2980d758cb288a027,1,0.00
0x3d59c793566d4caaec3e50e60e6b4bb466bab58f,1,0.00
0xf62e1966d7b5f160c4b07a57d85f031cdb1583f2,1,0.00
0x38d4b20356b7bc28947967b1b5dc719d9b799233,1,0.00
0x2c710c1a1b226034084cf62755e10f7618cc4345,1,0.00
0x13f745c8f8d05bda2d897b0a543f62204d6b4641,1,0.00
0xdaac6aa4fe566a678ad8311e3072c70c161d3144,1,0.00
0x2c222bacb016ab7e53b6424cabe1d54278973d69,1,0.00
0xe96c87321989fa6553a1b22996d160d23eeaed50,1,0.00
0x1d2caa4648c8214178b167272c65316cc8d05f7c,1,0.00
0xd03c2096d95221b23c8f6d72e3310ad0e9e98a75,1,0.00
0xe291f60b49aace4020d5919c4c98c6cf08fd76c0,1,0.00
0xacc2ed01b84f7d2513f799d81edfb89e1c118781,1,0.00
0x6efb9459a4b6b8a54c03b8f7aa12a7a8fb436f00,1,0.00
0x2ce4fea852213e4716f93c149ce80be347b100a9,1,0.00
0x2de07eac5a476736cd5757e2d9648eee631c8345,1,0.00
0x4b6c0cc601ae08a59196624ee5bebcad4237b16b,1,0.00
0xeaddd30fa4a2d07be61fc3adaf5f2aa207c42589,1,0.00
0xb87763d61558c78abd9be20cb8355912a43699ce,1,0.00
0x59626b17bfad10983fd3c0de3026bb0eec3f60c1,1,0.00
0xda645411407b3b040f4ad549b9e88c5a1af59429,1,0.00
0x0d350301b4b02ac2b09663120040d6ec605ddfa4,1,0.00
0xf57b6f538e6b526d2d0a11cee5d05cc7d44ce1c5,1,0.00
0x14636ad2a4dd4c25a5313a1c3b036cc7190ef903,1,0.00
0xc940ab81e9d501078cad39c938717ad5bdf17201,1,0.00
0x1ba21795b838ff9c2d0b8ac5bf42f38b1161d0ca,1,0.00
0x815daf806d0e95f58ae44198cd7ca2b7757ab179,1,0.00
0xb5bcff5487d923a695e89023ce370d1551a1734c,1,0.00
0xce89833458b7852eaa974e13d0bc0722ece29189,1,0.00
0x01125d0809dd068fc4763afc18b83523098e7dcf,1,0.00
0x4bd084c78d81637bb44f527254df78a51919c2f4,1,0.00
0x22118d45a711975e4939995e138dadec317521ee,1,0.00
0x84d0a4050f12bdabae5c821bf3293f56430d468c,1,0.00
0x27ca9199b4dce13d036698a70657449a7fdd529d,1,0.00
0xf4828f67c5da05965a1e2c077fd2baf505919edc,1,0.00
0xf0b4340a5c99483ba5b3d208be6d3118c5c6f184,1,0.00
0x025542f91129aa9a21ebda0d03a759215fade266,1,0.00
0xa5910df0ea874ae66ededef0dc2bf2dd0aac3304,1,0.00
0x0756628e347c966a5b541b9871c2eb5eb2604b5d,1,0.00
0xd5fb9492db7b0e0134501c081b9ef4065f9f74dd,1,0.00
0xae0c45db8befd0e30f1d149ea6bf30945ccaed6d,1,0.00
0x05c83d10a40ed8495ba0d088d2fc3292a7611381,1,0.00
0xe29f0a5b02560d403b3d75f6fc42265435535f5b,1,0.00
0xff5d6d3cf1a676c13a678e319172730895318fea,1,0.00
0xe2f817058fc631bea9f7930cb1333c1980330c1b,1,0.00
0xd6188a2deedabaef2321108bfdcd9c4353e7f3e7,1,0.00
0x6b0863320d47feb1a8ecece29e233af016c14096,1,0.00
0xb55639855c0780f8fea4e50ec5b88c60efde8b99,1,0.00
0x5cca11a56b919bdea9305e8cc15ea55f2ecbf0e8,1,0.00
0x472c06cb58cd2eeaa51db45b4155666849a1f1e5,1,0.00
0x08ae66c6eb6d1f1adc6f03791f7673d20a2ba04d,1,0.00
0x1eddd195dee6de55dc73eebbe7b2c127fd7ae49e,1,0.00
0xc56362cedcbb87d9f0362cb2cb100bdcc5092a56,1,0.00
0xccd3e96e08a65664dd4a06f855192b2964cda415,1,0.00
0x0b21456ddc98788d1d7f559da08fd3c4d48488ed,1,0.00
0x1e1b8bc7ee4740f5a36d7248017af6741e641939,1,0.00
0xecef928ff4665520795bea072e8b77a5688bf7c4,1,0.00
0x65283d0c105f1b89272877ba27d171e6d1571e9c,1,0.00
0xe17aa4a8eaf0225787486627c6091ef72579b7e0,1,0.00
0x4e52fb72c41af4b3e39d0320563453c2844d0390,1,0.00
0x734bb7bb25f565e762ca3992bad954437f22561b,1,0.00
0x539a6971c29f4a623ef130409b6b4382da4150f6,1,0.00
0x13e887b4b85e260bb2871e1e85110171e12d2650,1,0.00
0x32518dce1bb4e2bf671e26511ce57b4b38b9fad1,1,0.00
0x2d4306ad8e79acedf76b168746704bc4ffe9133e,1,0.00
0x07c959bc0d63717eb209273b088cdb1e6d599112,1,0.00
0x12157e799ff2b142a1441803152668499c420823,1,0.00
0x0603796b4d3d25e2f61777a17542fd823b2da299,1,0.00
0x1873be8c9fbd948f44767056267125d0f577969a,1,0.00
0xadd13fc357b5dcda36263f53165bb26992724a13,1,0.00
0x6f4a4c30cbeaa2cd3e4ed4ecaa15b53f85b4a2a1,1,0.00
0x577f817afdbb4c1d303cee7c14ec7212df27f871,1,0.00
0xedb5856dc310ce0f1c7c994c5aea8db340b19350,1,0.00
0x3c0e61d90d9e5b47b11ebdf0b4dc213e9978db2a,1,0.00
0x1c95627b5e3acc629e552d3341b5b16017b9e692,1,0.00
0x30c6c99eb7b294cb9b751915ff2830560ae986a3,1,0.00
0xf046c2deb2391af61639c974dd1062a148241f1f,1,0.00
0xa8ac11a1e2bbf8d3ac5f63828e74ed22cdfbe710,1,0.00
0x9ab3e6f9416eacaad196ab5fd6f963907a44345d,1,0.00
0x05b4ce4c8588e119cc1f818086ac58d1304e4599,1,0.00
0x1e899e05bf3ac34fac6dfd6debf3bf65fe8f2a01,1,0.00
0x2bcff7b44e5c91c935e89987914e9b20c03d85f8,1,0.00
0xe702786190562df1e0a23891ae01b8e6336b81ef,1,0.00
0x8569784a9c68ac07f2cfe00d0064b3d382195ac9,1,0.00
0xa5e27837543e9d8c2a34cab0d15e2bcc2ae0e927,1,0.00
0xd4719604484b87935e3815077e642dff9c032903,1,0.00
0xea87cd8deb1cf95e4e44d6cace7b80f48b4ccf75,1,0.00
0xc3e28d3a2af8a56652a508693c8e2b12e152c663,1,0.00
0x052f94cd2adce61459d664adc3fd61bf4738a6ff,1,0.00
0x1b53c01e67bdffa40f8232394dcef2485828d2cd,1,0.00
0x0f8b2bba6bf33f5bc646015864346fb847f87cda,1,0.00
0x44938a96036c0db53671b693d717f30e0f4d55df,1,0.00
0x5a74460f2b9e2c49c39a68456a321298e0f732ff,1,0.00
0xb31ec31fb8a0cd5cd36d18aec69dcb6d9b678f8f,1,0.00
0x799b77da1e6388f9ed1898f9d78e138d714883c5,1,0.00
0x38136ce79cc630aabf56a117c0d44f3aeeeba8f3,1,0.00
0x8ddbdd61af4bd764b39aa8d3715d8fc5fd5ffe51,1,0.00
0x7fb3c4134e39df77e9bb9a32a753da06ff9bd0f2,1,0.00
0x1cd6cf585315de1f5615850ae01b80e25db5d561,1,0.00
0x2295802a21c9e1d5b7d63374a757369525b19d81,1,0.00
0xa98c0bde9fbd493ade1837ef060617e68183f93c,1,0.00
0x2cc194ad3b2d7719e9747c09f972485afad695c1,1,0.00
0x880ff8dd370585919b2f74862bbe4f76cb0e2f97,1,0.00
0x42c5edef3327bd1d4a2a80d8f17f8a83b4afab54,1,0.00
0x99203b8882133d701006bf31557a04930aa89fae,1,0.00
0xe8d2a62f1e3f5bff29b62ee6b73f1b4260371ed9,1,0.00
0x9d0c97bae2870512e705d026a7ae74e0c5e07938,1,0.00
0x57ec4b71e41b3cfc70ec76ff90f71571a2a72aae,1,0.00
0xa66108dd7e1fe77255554757c96471fafcc23b29,1,0.00
0xea082f144ef29bb25fb343855ffb3b8cf8cfd9b8,1,0.00
0xec1833567f861c73e428eed531174b3e14685f91,1,0.00
0xd3417333d12640586439ac463b2effffb53f0550,1,0.00
0x9c5d6483da63978ac06e2aae1ed22ebe8f72712f,1,0.00
0x6b0ddc53474a855957b58b6aeb3dc1bf64bc0276,1,0.00
0x4b0a1f06610ed04d7b2d60cb07fd576162ce981f,1,0.00
0xf48fc04d76584186abcc8f879c336f0c63bf5e71,1,0.00
0xcb2db56be7498a218050df5970e4f956c042cf46,1,0.00
0xd707a50bfe0e0b97e96d321a2e1ab014f2ba0e02,1,0.00
0xd1b287429a75b73f16e6433a5d10c3ad747eee1c,1,0.00
0x475366f9410a62d4a7fa5d4c4d7e513695853fcf,1,0.00
0x7b07bbab2e885b7da20c4abc231c45c55e03c0c2,1,0.00
0x464155cb3cbd4623912f9b4f0701940807048564,1,0.00
0x080c1a1063b525a2268da06f608d72012d3a0def,1,0.00
0xc903965f064ba6334cc5f7abe565afb970180096,1,0.00
0x18d25ba3d579304389e2e120b524a5b589313dc0,1,0.00
0x5d7e47b46857894937a3be5607f06712bb0f2019,1,0.00
0xcd7b830c1a4e19a3406a2785cbc845b2b19ee9fb,1,0.00
0x8b3ebd093b87e7f4584aa4efef68a16e6de232e5,1,0.00
0xe7a81299417e5918fd1c2e18681bf05da3596e29,1,0.00
0x94153a284fa989592a48c5b93fc9d2c74480bd34,1,0.00
0x85d277b8021dadd078ed49cc2339dd0a9cada4be,1,0.00
0xeb1fd982edc740f0498e75330c8ac47b0a70bb25,1,0.00
0xf0eaecf953c3eb39b79479aad24cd4944bdbf475,1,0.00
0xdf2950dd5e39f2d457612a19e1896daf081353d3,1,0.00
0x4881dce3a19f5c8646cf8e732d2eacd6b1fe3bab,1,0.00
0x42d6a0b6b995ab1ee56c5fc552da21b57d94030f,1,0.00
0x230fbb1a25554fbec701a88ecc2da1806d9e2cbc,1,0.00
0xd0b79c264cb477e60a5a28d26ec6267fcd835695,1,0.00
0x32ed13924fbedbb01e20057a4d71f642a5a28e24,1,0.00
0xf03c1aaacefd47c0f16b81fa3ea75b00f50497ad,1,0.00
0x1e7699bc29cc2008edc3941fe6de10249e462aeb,1,0.00
0x39f7a1729a44b8434e6d51befa2cefa99516389c,1,0.00
0xabdc5a6564ad23fd00ea1506039c7f183afb3f79,1,0.00
0x844b9e33ffc8cae3081c9ec94117e60a35ac9185,1,0.00
0x03308e2c78a0abc5ce52e58981cb8b602bc34c46,1,0.00
0x1c483314503520946a5c3159187c235b2db0a38b,1,0.00
0x9b377ec90dfaebf12e452d1fab3de4631aba33ba,1,0.00
0xd543d6532ea90c37b21ec183c438a2ca3ee087d0,1,0.00
0x62bc0f7c8db6707bc4c2702e6399e240c9fdfff2,1,0.00
0x4d7da63fffa7943d37c95a74e022f4b48c7765d6,1,0.00
0x1852ba9033ccae221dc40ada0cd819afbfc6f7ef,1,0.00
0x9abf1ce02f4692a48207fcffd447e4b3ceb2b391,1,0.00
0x9397f0b4b0d42a718646b2e661385a5f7d753520,1,0.00
0x033d47d877cf323b79d28503a96ee42cef87b276,1,0.00
0xef0389324a80709fc7d74f01f9b59ce20261ed2e,1,0.00
0xbda72a3d64bd60d4d59260eaf899d280e4aff7b8,1,0.00
0x062ff3719df55e645f58020a2a08128c0549b953,1,0.00
0x6c472ab625e07039ab49fc1ea607ac23c5dec889,1,0.00
0x62c9a7cc7219599ab0cf6f6a6255d7c0e7e92ebb,1,0.00
0x0a301f30d78b66ce6d724bb0996187f99db1e2a3,1,0.00
0x9434afc18d961f8ec21b4831870224e3ed4b666f,1,0.00
0x18a61009ec25deddc6508393c97fe93ca2c9ab0a,1,0.00
0xd11f86e5dddbe278074334d996e913321338ae08,1,0.00
0x37950aec5b2c93201b2246f68061d566831677c8,1,0.00
0xaf2fc9ed053cec60a1628013e3e0ce69f8c8fe6c,1,0.00
0xdc0a17067af73e5035087872e6a95b0b248fb23d,1,0.00
0xa24f586ec3405d3c768be3c43ad05c271d44b52c,1,0.00
0xeb189fbb722dea7c5dec60ce7816dbbfcc9b824c,1,0.00
0x8b4b914bc9fe3b25673a18811d4265b337132472,1,0.00
0x77c7cbbc60c689fa716b7b8c17f8ab4896c96349,1,0.00
0x6f7ffd5a3c377e746ba1cd033adf6cc0ac49c941,1,0.00
0x7d017372bb40ae19ded824b23368d223798040af,1,0.00
0x47ebfea0067f47514232a5cfc61d8cfe1dc17392,1,0.00
0x1f0ece6821583ee6df4a63da3674dab60c03c8b4,1,0.00
0x10226d27f4892798562e0e4f2a96171fc9a03a99,1,0.00
0xa22b7a4da1f2f1dd88a7d2da4fa3a96869f3162d,1,0.00
0xbb59903d44a04eeff368dd6894b6818178f22c07,1,0.00
0xe9fbbc77b40f798862c59985e842a267f40cd71a,1,0.00
0xb6a5ca52c14d80135e71501289c8741ad3aa5639,1,0.00
0x05d9e93e7103357ff79ad3d66c5b4e508fd537cb,1,0.00
0xbae849adbe18b734df13ac99b200340016198fba,1,0.00
0xd55dd179ef3816ff0ce8c48fbff32f3fbf2ea0e3,1,0.00
0xc228028d58ea52560689eb04d82e4d718fefc9c9,1,0.00
0x00e7658d007390e63e8cc4f502af60fde67d2aa7,1,0.00
0x7def9541ce2bdbc534e516e7d83387c76368c881,1,0.00
0xcda7a3b5f0d1117f8a6d8dd8500d72e819ebd7ae,1,0.00
0xd42b443b2e00af6b085ab8f50328308e1f68a499,1,0.00
0x6bb473892e299bab3a9e098735395bd04bfcd431,1,0.00
0x94eff0b3d9d30efe918e1e2e5951ef7bce2a1a1a,1,0.00
0x77d812941b04601f228700321921b796e64f3189,1,0.00
0xfe89e96f7c61c28b3669444813b171d34ece9a58,1,0.00
0x06038bfaefc28692f163434da62c4f4472b6f8dc,1,0.00
0xb4363d8d11966e8f18d3178245e0c2a096feab7d,1,0.00
0x0a24149b623c579b39c140361138428a01efebab,1,0.00
0xa95d2d3419c601d538fb5ff809cd1ebeaaf6ae50,1,0.00
0x0684ce0cba6671559ebc49bc854c103baeb7f360,1,0.00
0xbd9b9b1bb3fe7abf444cd71b5dc839a5d7fce74a,1,0.00
0x1d444b8781b18d9a735dc99db5740721fdab3e96,1,0.00
0xed7e4c3adc2b1d58881cea42a1e8ec1e860c1beb,1,0.00
0xadd63441325711f690e8161454dd84836bff6fc2,1,0.00
0x1c4edd0580c34b2198e94b82b4b7e3ba24acdaba,1,0.00
0x71c2c4ab46e90e6d024475c77b1e720a11dceb2e,1,0.00
0x61d327f1e322cab1256bcea0d0cd9ddf52b99873,1,0.00
0x32fec64a22f09b2b615c9d85aa88012f260365a5,1,0.00
0xa0754f2093a03b931a9b65f872bdb6ecbba10adb,1,0.00
0x0fcd12b113ed3c6414e978b63130eb3bd8d41a6f,1,0.00
0x9dac65f3d67cba93292d8a1eb2eb35ced6d59ba0,1,0.00
0x13a6579f08fb6748490dfc9e315c3d90a4716a9d,1,0.00
0x60080c9a4538c9e0626636dce6e087fcfeff9a58,1,0.00
0xec3508d0ea3982c2ed45d99a392bd54516dccfa5,1,0.00
0x062bda97c1d465feae5ef6f2236aff6c634616a5,1,0.00
0xc91eefbd1c41b88f25eb566e0b0f46d78af96e53,1,0.00
0x9657fe17c051513f46550e56c3a6353486f75261,1,0.00
0xbf287779e9c98e98926290d2b75b9f068beaf391,1,0.00
0x1c88c86c3ecdc0a919045db2d168ec3cb96c2d45,1,0.00
0xdaea52a435f6f70039b621ad00fca1159ded37f7,1,0.00
0x7a96d2af926f6817e8242a59309cc4d36c16d568,1,0.00
0xf08ea204ca1008b3f59c81e0e2fd5a6611174551,1,0.00
0x7d48f052adbfb0fa752641d2d435982742629c14,1,0.00
0x0859e7ce2e9cf8f8af35bd935835876d07d9a4b2,1,0.00
0x2bec90275943d3e56dd6cb0003815a4008f7459a,1,0.00
0x9e4aea4e2131cb42afd0d70b456b5d0ac724d975,1,0.00
0x90505b0496dc9e9fd521cbc447e5ef3e3d4632cf,1,0.00
0x0b2043eadeeb3ae2786dad92e6ad384409ef6c13,1,0.00
0x8719042d18d6400492e3142989bc0c91bb76f5ad,1,0.00
0xf82e4a24e4d4f6fa431c0e6710b6d9ffe9c425d1,1,0.00
0x549704f111272c2c69f6c01773c889dae769ceac,1,0.00
0xe283376ae35b6de3e7c7b1c20706f5e6c95a9e16,1,0.00
0x9cec58080bd570d0455fc1987e1033b7f191da88,1,0.00
0x5a9c3752333f01e4dc72ad9076ac8e682207cdcd,1,0.00
0xb7912e08913277fa9cc9e3191c87519c2eb3ca03,1,0.00
0x291763e8f7d15679b6be22755ee3001558c8c430,1,0.00
0x43b1ec35ae062dac2a9ea5f0b931d5885650e699,1,0.00
0x5a755fed4bfd95974dc04a657060d4654730125b,1,0.00
0xdbb757b99360d4ceebbfc19d4661b61f45a5c5b2,1,0.00
0x9de52d49bd9a278b80e91ec5fda95398b592ee9c,1,0.00
0xaee46c66cca759895611c35192645c4f8cf8c081,1,0.00
0x16db7fbd8f1f6b612a9c2e6e7feb97865ae25f1,1,0.00
0x3474ee1dd4c932fbe8b0e53837cf6642b09606ef,1,0.00
0x3b09eb8be6c2b55124fc010aa77e363521d76853,1,0.00
0xef8a6c8eecae2712c9e8a6b187342f7c904698d3,1,0.00
0xe58e959e508eb7a4838807714d02993dfe56ef5d,1,0.00
0x6508db09121c3c3af7ab6b0483f050a8d3c1909d,1,0.00
0x02bb9d3dd9d738e64df7373f915ecc35a4b0b72c,1,0.00
0xf7525a077a9329f29f273f19616860cfa734d718,1,0.00
0x1bc56fbc2852339638c6beb5de505ce623332437,1,0.00
0x8f7f3ce039084c18c67976f659920607176fa382,1,0.00
0xef9845a66a368c22074d5b487f51ef7c9518f008,1,0.00
0xb198091968c8c4d6178fba005a85eb55b8035e4f,1,0.00
0xf9277bd15f7d63ac78814e65cf99597736b7c20b,1,0.00
0x318e9f5b440e62f0486ae84d12c24ba6e4b5ce3b,1,0.00
0x455b2b4047199777d6dc0a0e449d2a4367ebf906,1,0.00
0x6d671c13d8348bdf7a40ee476e59574b386be67b,1,0.00
0x56568d1bf2a25f8db58769af2e197ee2396b1888,1,0.00
0x6467cd3ec212d7c80b20fc2c79163e0decfdf9d4,1,0.00
0x523173513264812c6acec4f4ea3b52540f6ea450,1,0.00
0x0410d07ca34d04dc7fdcdaf48a3cc87be1e824c5,1,0.00
0x34b946cc87d273977f15994fd4d3e725c7551706,1,0.00
0xd29706577b8959ec3ea7b235977d7c93a73c4365,1,0.00
0x04ca689cccf638868961df7f065bc632eed9ac64,1,0.00
0xd43ebd7c282f23f929b5289ffc314414f5cd7cb4,1,0.00
0x2531b2900add0af558b7124ac5935d1e0672911,1,0.00
0xf62f514b70a6cf9b70b086d70852351cd3a038f6,1,0.00
0xc478cf77f26dcdb22b63488095f553616e3cfe3a,1,0.00
0xb3f0c555b049473105e95e8763b2e14fb7c31e17,1,0.00
0x291115b11a78bc6a25c332d41fc45d103a423d13,1,0.00
0x85388806a9c266dfe164e80b66d7dd37ce01b63c,1,0.00
0x6bdab8ea1898306ccf53ddbf835300dc3c9fb670,1,0.00
0x520671cdfec5ca38cabfa0c9e2a65527807c7468,1,0.00
0x14663f94f936f61ed9b3e4b674317530d2cc88d5,1,0.00
0x22ecbc6c398e45d2c6650f9b9674e4c22a43c6dd,1,0.00
0x1de367daf214a7234ec471e19562b4a82b7eacb5,1,0.00
0xa34be41dd3e60c665b1d4de05d465fd1dc1c1dff,1,0.00
0xd1d1dd36af317593889c700f93d71bf20b36ea55,1,0.00
0x8178e02387af178be082f3a7b6aa5ba8e958f396,1,0.00
0x6af3beb4abf1e5b5cc9870488803968e91cc8ccd,1,0.00
0xf7f0c2af654648128ea4a59cbfab7388ce8ea71a,1,0.00
0x7fe118bc9b233f3ee0feee87a76963d588966554,1,0.00
0xf37db1d8bb5833b60121b994a3cf5a74cd0f6a90,1,0.00
0x4f275971f5e48db6bccdc3759c9651f9116a81d1,1,0.00
0xe4b617687fcd9b9ae6af92243463c9106bb46d50,1,0.00
0x5f7f4144bc896f490875fe1d919e9892bf84135d,1,0.00
0xe6edfe578febe33ee25e31a9a9d3306dfa8c368a,1,0.00
0x3a294e79085e65acc4d64a844d3f79e757676dda,1,0.00
0x0d3ba8696481c4db44305a1a1c68d3ca36a7a7d5,1,0.00
0x88ece37edb5938f1504021bd4bac71dc05d8a482,1,0.00
0xdc6c963d50ff05c895bc52d9b37ee75c76a26ca7,1,0.00
0xe0e0f4ef0c90db4c8692e65b903135baa4e8b43c,1,0.00
0xefe7d014563e674f747fab34d78cd0b473a4e684,1,0.00
0x0720e94917aec6cf6dfa7f726f3b7b0fc863b437,1,0.00
0xee2705ad5661715635fd07fd8fed7635c1174f4b,1,0.00
0xf05a65916a8ccd5de23184b2acc092048a936678,1,0.00
0x2b32644d379c433f66e1a8fecf4c7cc6f95af968,1,0.00
0x8f65e1fa8692c868cac987ae9ff9e23ba6c5d918,1,0.00
0x0395a202a9b0e27c4221c0ec95b649332397d0f4,1,0.00
0x1ec8b55384a558870fb9df8fc3e65b6d94a501f5,1,0.00
0x2c53b87a4b4f2e6aa8a4322396d41e449cf429b3,1,0.00
0xb7b474b7d7a449133ee9ba612ceeb633c1d3fab4,1,0.00
0x38db3c1571b9e4d51253b693136e472d78811976,1,0.00
0xbd2888f19420267fefac08f661890114788ee5d0,1,0.00
0x1214c25fc244b5e0409e6afe507a6df4c1de9ce7,1,0.00
0x5c7fb056fec62141872aa86be38b191367de8d5c,1,0.00
0x0d0c5be4342137037b20284dc0d3816567a536f7,1,0.00
0x6f115ab7dacce356eed328e2b70e6e366e65ff73,1,0.00
0x060c0eedde066f991a7c02c31064a7486def9792,1,0.00
0xea3fac1073b519b3c2ba227566b0a028e9c06037,1,0.00
0x5a52d56c2229c8cc5f0d8dd62d92926bc9447b4c,1,0.00
0xb2a985dd2501cb5cc9d5b9c47ebbc450592942c2,1,0.00
0xd5b418fc3dd57a4784bbd92e44598fb4ea19991d,1,0.00
0xa8eeca5e443c1a91d5857dfd3c95dc531cd2cbb8,1,0.00
0x1b94a7c66cacc7c8855a18934af91be4f6585f34,1,0.00
0xa80e4d1ffe06e7c6639dbe7d5024a8f8ae04b8ed,1,0.00
0x7539a9911124f212c0bc44a945738fc11d99e4f5,1,0.00
0xd874afc13d9d3f0dab5e22decc7ab923caef0ef5,1,0.00
0xa93fc10bcf39bd4ce427a49954e44c57922fc04c,1,0.00
0xdb6c152f13a9c61882a5e0d8b7148d8217dc8bfc,1,0.00
0x864f719c5cc401345673fc239b0f859b233b7810,1,0.00
0x612d2ccf0988e86e884f22182ee6f7bb18c7075e,1,0.00
0x87cdb0948c2f4c1a4019e17ed680f7f9369ffc53,1,0.00
0xfaef749f18b3c96dc1546095f54e97d775efea1a,1,0.00
0x6e72996130785699474bb96512da5c6a31ab78bf,1,0.00
0x5e033ce59e6ba384e78776369d1491f4468f232a,1,0.00
0xd876c658f61959e498b0ec9b49de3f8c7ae61704,1,0.00
0x73a91449f83c871c715134926154b707aa5529d7,1,0.00
0x14e305632c766799feb8e13ae6620a4b3008745b,1,0.00
0xc9744f4ccab3361cad210d03885b54629676f6d7,1,0.00
0x5cf0ffdb1e2f8fa4e9d23a95e99da4a04a227ad2,1,0.00
0x51646bed2b3b472e78237f30af34cfaf0d6afd9f,1,0.00
0xd1b09ca0a2ed7bbe59acc79c4b73596778501982,1,0.00
0xe2868b6115019c4bd31d358a6a1ef58da6d0b027,1,0.00
0x58b6d8059488cfc751c7e0a3bcf6be3bd4cd799e,1,0.00
0x0b496931c09af191c476f077bf73ca0756a1e869,1,0.00
0x553f47baa16805b85f326f2407df2d8477ad38be,1,0.00
0xad893f839224fe79e22b0c53b7b5250d503b7f09,1,0.00
0x15db8f798f065259f02a1339a72389eb8c8bfe82,1,0.00
0xe07cf1ab6668242c72476bb7cc3701a9aa0ff8d4,1,0.00
0xecd41fc6fe9ce28905da7367935eaa15625ba956,1,0.00
0xf19b01deccd52b8e042b55ded81a849ad051d215,1,0.00
0x03f166180aadce9e6a0f7addd26e92cdc77ba914,1,0.00
0xeac61d8f0466222227ec710d1375696e84f92897,1,0.00
0xed0d428c4134fe052d2f30cd153d23d7e1eceba5,1,0.00
0xe63ee5a5fb6f98d1addfb883a5adfec93f884a1f,1,0.00
0x360bb7e72502217298dea971ad1c4558e43697cd,1,0.00
0x2053c0e0fd04d13ea1c09435ccc029c71fe10107,1,0.00
0xfa76cc758ebcf5a11ab324f816aa7a2a2e043f09,1,0.00
0xfef387745624ff13e357fad1f4d81735425b8b41,1,0.00
0xa4f5b45534fb6fdd4b528ca7df054ca92fd0a373,1,0.00
0x8568db4fb573f6cd49d34eeae4d6bd31343bad7e,1,0.00
0x94a01119d78db89573873408dc6e6dddce0a7673,1,0.00
0xbf57d408960a63feeed8569cf3068f98eebf2a70,1,0.00
0x066028e957e90da4f392ca6e412fec0857066ed9,1,0.00
0xfb142fc2eb9ed8202a83213aba7543ff39ff2117,1,0.00
0xec0f1d196850871c385234a53b57bffce98ac162,1,0.00
0xd1a6a7da057f17ab567f7e8817f4eb07fc9a9726,1,0.00
0x337c6a27e135b3bd7d49e7d1ded5416c80ed73bd,1,0.00
0x720f26308a257e2af71e695c13e262a422bbb10e,1,0.00
0xbe04e44a89fb4e8643ae46cc553f96f550a7a405,1,0.00
0xc0134f66c55b632c4d35a7c9b5083e9e55149b50,1,0.00
0xfceb19b967050dd217379ac5b4633a73aea63439,1,0.00
0x5e7e1018772bd8ef6a542654b8262dba121aa717,1,0.00
0x0cd3e82dbc47abb976839b7d2c9d74dc9cdc99fe,1,0.00
0x4fda401ddccda899f70b1a67f44f1dbe65dea895,1,0.00
0xe136036e3edcfb18ac1a679a867c8b6d71dbbcf5,1,0.00
0x588520973d16c17c81af46fbd1d226932d1e302d,1,0.00
0x7b05537a749cb64300d238c5831546ec10c402f0,1,0.00
0xf198256c20790f0e2af225c769c977ac824671e7,1,0.00
0xc948d1826ba6a6daba32c56fef9948c8f5c04877,1,0.00
0xa26f5a0c3d3d65213550143d0a54a6197d120451,1,0.00
0xa5e6fb71b8896d3d59321edf6552b6dfe758ff9a,1,0.00
0xc5477b53bdab00c707d0929398600bf361678298,1,0.00
0x5a5b9ee0f4d70b88f507182aed733f8b7eff64fb,1,0.00
0x14bc86777869c505563578195066ad6092d259f6,1,0.00
0x7e8656865a71c7ae4c7206a52888b341bc867355,1,0.00
0xfeb795d0864b4bec47a27c3cfa8d8b9a7586b10c,1,0.00
0x66ab9fdf5edf8465de1c48c9da4ce138fbea3f98,1,0.00
0xded90ba38ce04217c85a511cd15512e607706f54,1,0.00
0x4328973890fc0f333c12bc06124c79b014d4bdde,1,0.00
0x5c182507181e9b47e5b56fbcedc080d0f62659e0,1,0.00
0x549fb4ff37fc15e4b14b3e1253e5f834ef8bef2d,1,0.00
0xda98823c1b88c06e25fbdbe032c9466d180e5306,1,0.00
0x5f5dd6cc3e2829ce8b383b22ab80d991a153d3ab,1,0.00
0x038a0dca534974f0d2614a41bc29ce2be5ab5020,1,0.00
0x998121a718e994cf1e961cf38be949ab83ffd5a7,1,0.00
0x91cce0fe7c34805f88ee14d6baa52296ac457432,1,0.00
0xc86bd65080148674507a7558440815d60b13e378,1,0.00
0xd4f499a5fff742d3ccdbb8e961f57b25c0760658,1,0.00
0x2dfd4b78b55e7678f7b9f40053366324982279a4,1,0.00
0x79f1b99f07132b9529fdccb88dee35398c0f4042,1,0.00
0x569a7b6526d158e5171e6e88e0ae0e3587c1f4ad,1,0.00
0x5ad54b0ccdd6edc3c6682577143043d5b4616915,1,0.00
0x8d5e5e452688a813082b30c120faa9a2e8c8a048,1,0.00
0x04d844bfed6a775e0e2cb20021c31ca578337f57,1,0.00
0x697079adbf71cd92d4c4d2f147f5279283c42dd9,1,0.00
0x63ed38df8e4d52ad334c140c214472091f98d327,1,0.00
0xa16c44788f2bdd787df1baf5c278a0a6663e3d37,1,0.00
0x0881eb11db1c35085c341aab7b22f085927a6b33,1,0.00
0xc0120263ce87ffa764e619f4bfd9db5a8d65c7ce,1,0.00
0xcb02948b9a25638664cb76787b3069b1b685bab7,1,0.00
0xe1f4d95c2b962a6ae8f58c23b229abb5e2b594f8,1,0.00
0x33382c030efffe7d9ab6e7c9c108c885676c8cc7,1,0.00
0x56a82d952d5791fa19b2015495c608cfba7fb909,1,0.00
0x3e1322ec75d4a030aa21549d2854b524a54ffa9a,1,0.00
0xb1a8b91ccc87af24db5bc717bb396039511c9628,1,0.00
0xe8b2e58e480215acf024da2c8d73b245781427fd,1,0.00
0xed8dbe738cebb03b220907e40b9b5aa59f1c9a32,1,0.00
0x58113812b1048aaf5addc3a2d722fc9f32766fc1,1,0.00
0x67fa28b06688e41939514fdb29d5d4780c22af82,1,0.00
0x752a89c92eefb2b0571a706099b881df4c6e7eb7,1,0.00
0x9ed4c77f74eaaa3c595d8bae40de5d592edfb39b,1,0.00
0x88f9eadd5fa4bc64f2a534d5d84787bb1a5baea5,1,0.00
0x28a6c6c9fdcdcbc221a009e0dd11710b7e8d0089,1,0.00
0x95a2d912fc5a63cc99a09241952e37df4bccbb4b,1,0.00
0x3b9ad02e5c3c166916daa5d970627891de48c064,1,0.00
0x719da550453ff1afd4ce5cc648168d768d98f613,1,0.00
0x7b853581cebc3aa1381b07f07069783fa0a71444,1,0.00
0x4d1ca2e03c33c108efc27fda87f00449f7b815da,1,0.00
0x1516625002fc5e882a84a49cbded7503014d0789,1,0.00
0x94fbab8f26eac439637107d79f2f39bd187c6def,1,0.00
0xbafae2b2913e2c02188842a9bf050d823c8e9f65,1,0.00
0x32c5911a643aa4a282fbf3e8e8923045b39abd33,1,0.00
0x17c1cfce68829233236ff45e97e706c15d0cf770,1,0.00
0x49aee08d905feaee638b4b25fb3401e8f969af3d,1,0.00
0x62827e2d35dbc2bc58687c791678639de6f15b4b,1,0.00
0x39a976fc3577fe2fb82f22b0b452bcebe956f255,1,0.00
0x6a025ece5acf32922041392d14b3a9009bffec40,1,0.00
0x623ec049599789c6d170c0048901f4b6bfc06332,1,0.00
0xb1db0033deb6f37d72b9b9446601a875512262d6,1,0.00
0x6c1fc55f77b73bee38cc7fef699ea5fce447f257,1,0.00
0xa5d4c828f2342c3a43e438518b2f1e1abb599507,1,0.00
0xf32c16386e0dc8569c50ff0a782a1b77acebf67e,1,0.00
0x06fbf68f54ec42ced112cf2d7b552b3a34312d8e,1,0.00
0x5542dc9c6eb99f75aaf743fdd49d847a6f82ae61,1,0.00
0xa59093d9776cd1d942d8fdbd87bd1b6d474c774a,1,0.00
0x8554599df98934e8c7f78962f72f88567024c8f0,1,0.00
0x132fa00e4daf67589b7d202b225a5f066441290d,1,0.00
0xd70afbc143793790ab12e208da81503be1647567,1,0.00
0x1846d9862e30d9bbb0d23dcc6e8db45d0385a4a0,1,0.00
0x27c72ea0f4ecfc17c4205f1a6ed26c484644211e,1,0.00
0x675c585282701b9922eee165129cd72b03bf2d8a,1,0.00
0xe87aa24606ea2e6c66b410b91d4740a3be55f608,1,0.00
0x0b8768c52d9453658d1827a1d288b4eaaae38f80,1,0.00
0x0a8e6b99f69afae253b8b4d25d8d7b89fc3efd17,1,0.00
0x71394756f627c8d6696ff25c5b1edc24306d4e1f,1,0.00
0x183d59213b10fb26f7329aa2584c341b001c2ee6,1,0.00
0x1f6d692d99a67dc96e4e5808a951007da64b2626,1,0.00
0xa1d7709e9b20dfefccde863893b598c6a18aae91,1,0.00
0xd2245221d78db0f2f6a9c3d764197b33e630ce1a,1,0.00
0xd7da5268d5cbc56cd3584e241a2329e93fbb4cdd,1,0.00
0x7540e6fcc45bf6157b0a9560b6ee24c2049c318b,1,0.00
0x1271cea0397532bd2024bad8673ed8e64f36f32b,1,0.00
0x089101d3095e8276af22b2cb5dc371af35052267,1,0.00
0xc96024f33806bb785df34ee4ae3e53beb845621a,1,0.00
0x132e0382a1c2a1067104e8306e5dc62f2b2ba488,1,0.00
0x943590a42c27d08e3744202c4ae5ed55c2de240d,1,0.00
0x66eb6da223ce5527072ffb568639889364476216,1,0.00
0x0c089f9b059385d5545330c159986fda70520a1f,1,0.00
0x8d7f73ddc98384df0a1cd4b26cd21c9875a31bc3,1,0.00
0xdef65ede44485c15f979bb0646f0b1ace71568c1,1,0.00
0xcefd817d20e5502af3ce8b9716ee55c0485690fc,1,0.00
0x67596aa5313b7db6cdb418b35cad7f60c52d94b7,1,0.00
0xc847cda175c70f5166104e572e015fe876abb77d,1,0.00
0x7b2b2def433610e2964b7caa0b84454c8bef38ff,1,0.00
0x4f465c3552ca049814fffa4663b1913a8f77f0fa,1,0.00
0x21d74d8bf25673951c338e3b1d7bfbd6a09114b0,1,0.00
0xc98a2bbd682cdf73730c0172d140d2d0f0da0ba6,1,0.00
0x565911ec6792b3139979699dc2fee487ed6a1127,1,0.00
0x56005fb15f9e101f6867b5181dbb831f93590951,1,0.00
0xefb89cf6c608bf7cde59e0e0ec10734cc42894d5,1,0.00
0xf6577f0644cf4c705ee0d1c3a26a849d0e2deac0,1,0.00
0xf39f2ed5b7e5303e47e1567c64fbdb8ce4d0aa29,1,0.00
0x563398361b87697000e8d2fcf7107f7144e3881a,1,0.00
0xcfe16ec774929c52c3c478dc87a1e32c74a2179c,1,0.00
0xf91366c49a716fe317258bbf0b7b449a6a8198bc,1,0.00
0x087aef9c5201ac15215c5bf30705c31e322c9ae6,1,0.00
0x8b40e0ca93c4276388d603e74c2bd18985e2500b,1,0.00
0xf83829cd8a5d6d3f762a6d6a2f25bca6d3840017,1,0.00
0xfec53c3052668c157f88c854c46f5754191bacad,1,0.00
0x01ba88e89bc9212e1a9f26218cac0bee8cf7adb6,1,0.00
0x8b48d8f8db28d75b1644fe2e00fdc72dfc64debf,1,0.00
0xd55711fac1575bcfef678c74eb56876ffe5d5b80,1,0.00
0xfd313c5395ad5f893230b425feab994de7f0ff01,1,0.00
0x24a9e141c28e7157e70aa0d84a8c3a45899fe0d2,1,0.00
0x6d0d681611480e00610504a2a57150145ff9b3df,1,0.00
0x551321ec446b58642f0df60ac4eecbb1eaceac80,1,0.00
0x159afeddf9122cdb20cfdfb9f2cf2337f6961ddb,1,0.00
0x0550ecceb315b61ed58fb79cc93f58013ba7fb06,1,0.00
0x27e5cbef2d2407132e98011da6302cbe5fa98a0b,1,0.00
0xa88371221098ff16b17a0e18fe15f40160c63d1b,1,0.00
0xa5992e50e93186b3832a2557254d0f5ac6a523c5,1,0.00
0x23e171eb9f9690fd497421417feb7e85cd647dd5,1,0.00
0x174071b0cc5529916f0a671980fc177ded5ad81d,1,0.00
0x0c35b5487714db423f4cabf2df7b2289297331ff,1,0.00
0xcde8ab43d2d6e4946cd3941f92d05f6010f129eb,1,0.00
0xc888453b9f05c4f7aa5786eff131e2f814f809ef,1,0.00
0x772d9aa196664c3151e16d68552a28151664f050,1,0.00
0xd45214e93d2475a5281b55c3cd49022f3e32a236,1,0.00
0x682ddc74318e83bbc586b5f8621e029691e190a8,1,0.00
0xf5cc1ad7b3f8fea34dfcd60a6c9ba7466b9e1ca2,1,0.00
0x3133c134a7ec5d8911da3567313b0aa5cd73dbf1,1,0.00
0xe703b02c183e8c9bfed52306f36f4f86871d20c7,1,0.00
0x173f7a3dbfb6d608deede962903ec9405ca0263f,1,0.00
0xf3e801afa758b2b9d5454139650924c2b0401939,1,0.00
0xc4f7838bfe49f84eb99e7e8bfb1534c53bd54101,1,0.00
0x9601ac21d40d345369fd4686247c2be2112ec702,1,0.00
0x1fa9b135be2c715dffa5f2efb965e13d63dfbda0,1,0.00
0x05486bcb292e348a2ead87fd1ef75a524e432b33,1,0.00
0x7186c12d12ebe0bf22c44946fdb8fbf4b935842d,1,0.00
0x7210c57996409548a8b0ddccc566b33a117da727,1,0.00
0x29c3fe5c8e84e5e62d0e7ec4aae5a48ae0b27c99,1,0.00
0x35b5acc9b159a1f8058ee5b926a64d5ab3beb659,1,0.00
0xbb5633e15b527875569f6c06d8b3b2bc8b871a76,1,0.00
0x1722a5291e2789817d74d95cf45fc8fd2ad5da58,1,0.00
0xec5f60eba78ad9d2b24d9d064791cc9676faf9e1,1,0.00
0x539e347c2c83c024db84615562174684bd96f57f,1,0.00
0x7803754bf19da31fc43afb55ed9f0d5cf1a81b3b,1,0.00
0x42fa38498758668515587aea5a5d93bb74577375,1,0.00
0x4df1234811deac9dc54e7bae8923313d027be9a9,1,0.00
0xa11c3ae7094c489bff8ba05aa0174c24b1bd6a9a,1,0.00
0x5b46d94a93982e3e6782e2fcb3c681f425f27bb7,1,0.00
0xeacc2cc15641fbd6cdc3f39ee5849b28283a243e,1,0.00
0xe7a4b8e0990665612a63d93c78e8a1aa7d6df04b,1,0.00
0x9954aedaa791d6b89c4ed8b885555e635e1ff20f,1,0.00
0x6391b4c063d7c3e5d12d4ed2605c846101dbd843,1,0.00
0x4f3a7a4c0875478b30d45438fb14205f500a0301,1,0.00
0x9ce5cc7604d3c5fa457085685234f4c743fbbb00,1,0.00
0x0e4eab97b902cf373c3f2d24bd77fd91e4645ce9,1,0.00
0xa5e4ad078d76d95c11aca10f0823ada88ff6b7dc,1,0.00
0xb7cd7ae0f772a22b096be943e8526bbf4c911cc4,1,0.00
0x006db92d769595dd09ca4aae8029e5ec30eef086,1,0.00
0x0de4bc73d064e315f624b9584970a50d9388c65e,1,0.00
0x5321d2ce074e00680fd75bf166376750a5e74b29,1,0.00
0x05a8a8a34c83339d2a9a880f43e61ae5d0867b1,1,0.00
0xda68d02592b0ff22d2d8881ab36194a817531994,1,0.00
0xea1978b8b64070728362ad507d4499f5710da4db,1,0.00
0x7f2eb8073dea5d7612e570c498e7af196eeec62c,1,0.00
0xeb2965705af0bc5dc4672f4ca9679c5662a1c424,1,0.00
0x82d0ca2edf47355fd1a3e65b59105ce70c192b21,1,0.00
0xf872e6f2dbf2a73c9ee6a7f7e3887b1975075003,1,0.00
0x8d43eca9111f6af70381018f481e5b88800adfeb,1,0.00
0x02d5778ea746d19ab253256932285bc15c4f1398,1,0.00
0xfea49124b05b61337dc0aa7e1af316ef0da24d3a,1,0.00
0x9bf54af1271c22072ecaaf219b04657a8dc93640,1,0.00
0x135490c69f230db691ebc7647811eecdc315d97e,1,0.00
0x0dc0f5cf4c810be980b3e5bc844a8b0c03dd0f35,1,0.00
0x818008a9ead482de44f6435d8a29070ba1fbe333,1,0.00
0x9d8a6580c08faae695820cf052002495bf5eb02c,1,0.00
0xda36d12ce8821679803eac56f266895a90061eaa,1,0.00
0xf30ecb2650251928ca39c1aa2b3918aaf604c991,1,0.00
0xde700f48c1f2ea26e809726b3c56097c31867563,1,0.00
0xa2e5968f976637b5c0c9c966468d71593604fe19,1,0.00
0x651d161247f24eb2287e05d7b47345733d7852c4,1,0.00
0xa465252ed894ce012d07699b115eaa407dd81d40,1,0.00
0xf2373cfa230e9df304f70141960268897c247887,1,0.00
0x1ce45e6e95df51a25d7482ee033f7c06ed94c3f4,1,0.00
0x0b5a62e59c7917f76169c68c035ad01a03720caa,1,0.00
0xc76a82894aef29fe214fb3e5cd918e28ac82070a,1,0.00
0x15ff87f5d939e10fb8792520de12a2d40c1e7346,1,0.00
0x0bdc21f6a71117a93827d7e6eba2d3ded08c0682,1,0.00
0x9a958d565c709f9a10b043b9f6a999cb34b74ab2,1,0.00
0xc5f18020502f2c7fe0a528fc64f854688c5619c3,1,0.00
0x586041f3b008a70c4f33425bece3b67ce8204a33,1,0.00
0x0f3ad9f7f0b82debe4d06fef9fc44b0849e43172,1,0.00
0x08995ca3d600f3fe5fa5dc5ea8428638a07fdf32,1,0.00
0xcfce3eeb6bb6526c2faddf28036741b0ed09f829,1,0.00
0xd517926b0c9e15f01d3973248fa04e0e2dfe3119,1,0.00
0x0d06f695798f257ca0b44d0fa716a04dec81fe75,1,0.00
0x280158e1f10960d87c4a3b4d9df254f79dea7e90,1,0.00
0xcb3b8e3535b12731191d05afc33f048f2490a912,1,0.00
0xd7980882975e9c33eb83b9bbfa2ee9b0294c6527,1,0.00
0xe96622a966fd78e88e3c4fa25de3e38d3c67263f,1,0.00
0xdca69ff61c7eb3a85c8367499f841ebf9c130d48,1,0.00
0x1af20d1d4af71d95b00820121e3a24d47ce93000,1,0.00
0x8b6abf7b0cdd71637d6dd87c7ff877b5eb53c3cd,1,0.00
0x07497b0ad7c93434c0c9b26bfc4b398f749585ff,1,0.00
0xe9b47626876fd8e9a1d6a5167e86db2aeb3993cd,1,0.00
0xd25c2cb0cac4374b9838f6d296d88a28dca0c0cf,1,0.00
0xd4baea2bc6ddf28a2c16adf7e108c7e1f3df488a,1,0.00
0xad9df182acadfad985e854fb93f52f62c0af6db4,1,0.00
0xd62315f0de1d2ca4f3f002bca9b5dba9eaf03533,1,0.00
0xaf029f37a21806d86a86332d92ab17a8245f7882,1,0.00
0x8ecf4dc5b034e852bd0ba83d981f9f326a4d6f12,1,0.00
0x2cee0764ecea8d576061743b724b9ea830965a7d,1,0.00
0x6a6605d93d7eca9a5488a6a1543a89391e81f419,1,0.00
0x6e3fd8a277d39b97ba16534819bdf7673d341a00,1,0.00
0x7073d61d32fc7c1e265854605152eefbeaa61f96,1,0.00
0x5278223b78ce6a50cd0e5e237104c4ef65760f65,1,0.00
0x3f9c9b04aa09f94138ba1b5684b2d3b270150df1,1,0.00
0x29d21a355003ceb806e13cbab5bb92e2c56e9554,1,0.00
0x3d31a6c0c65d2e97051586f185c6f87d79e7ac41,1,0.00
0x310c182369ccefc9d287141e20613ba2a1d38e00,1,0.00
0x7b7061c443ec2197be01e618530e46211d22a4d6,1,0.00
0x72ed70fe6ea5a43cfc5847a0a87e491c6e6c1620,1,0.00
0x19283ae6e32c569d1364c29a4c6b94a83c2ce180,1,0.00
0x811e53243d211b3adaee97b7fbfdbdbb2046675b,1,0.00
0xa884a2f1a5ec6c2e499644666a5e6ef97b988888,1,0.00
0x81d556c3188f93ffaff1428394883713b5d4a184,1,0.00
0x4d62a5c765886ee2ca7c3a69b582e992d8a01d7e,1,0.00
0x2d30b9fb82ae8e1583377336dc6dd15ae7236230,1,0.00
0xc33586ff018b626596f3855270cc35552cd3d8d7,1,0.00
0x98fbd9eadbad8e12606bda2fa7e1f516d89324c5,1,0.00
0x2703cabf01349410547e0b093c1df39c524e35f9,1,0.00
0x868f802345ec6ad06124a28f9b6db0832f8bed4c,1,0.00
0x240f2b71747a017f7cb358cbbb1f73fc9a39a3bf,1,0.00
0x5a4b2bb5e855f6577490fadad585f81480426e4e,1,0.00
0x5a2063effa7758201578133609c6c0c89f703ca5,1,0.00
0x42964ddb9b7fa81100e45cd6818fe93035fd1c9b,1,0.00
0xa2cadb491cc0cba908f16501ab268a018ac99354,1,0.00
0x4688228861b9cfdd4145f9108da9bf4ae65888fc,1,0.00
0x9af4b188b7ae582ac46d54fd32601f8562e12245,1,0.00
0x25be65b29156772109b05fa64c5f898267583bb4,1,0.00
0x265560429348278e8a8b5b5f4656596b1f7fd16e,1,0.00
0x2a525138c978463bf23e9516c7439342e5061ef5,1,0.00
0x5beba6eba586ba44ca5306376e7c66844edc8998,1,0.00
0x2db9fef09e6227142aca308145cfca1215f79217,1,0.00
0x30bd88c72de2ba7615a761aad4ce4cae4972b9ac,1,0.00
0x2ee816fbbbb90cbb885538e203280c53c2b77c24,1,0.00
0x30c5ad7e539866041506d5ee387f74a8c9564e77,1,0.00
0x78f6b0bcd19202736ce5a113bc56b11197e746f6,1,0.00
0x704d6cd03f2b57e449f3a9195f8a80d39a3e803f,1,0.00
0x4cceea41d0a0afeeb1ac960f5f9aa4382ae7aa74,1,0.00
0x721491fb7aa45a56c0bc37c581eb573a4745d8c4,1,0.00
0x6e0f9e381f54a17403c63ce60446384ecdadfc99,1,0.00
0x2d2002d186da06406da383fed3a7c4272091898b,1,0.00
0x38a3af101b2d7be474b71a164728aad0cadc6a3d,1,0.00
0x19766fec563c303a449fdf927f03c1aeaf870337,1,0.00
0x15a5d5f847818be539a1f55ccf1a3e8fa871659a,1,0.00
0x2accfb63ebd6dafddb381b4c6a25f93925529a7c,1,0.00
0x31e0db7cd595d10901f4b5bf646346cb6f0b1d4d,1,0.00
0x8c292beb0df2f8b184881ca1e4e438725e507df6,1,0.00
0x6120ebe34899a4148ade9c542c78f025b5d26b95,1,0.00
0x987d82ec0e7425046ed3d4002bc216f95d601959,1,0.00
0x3ffad397a25adcc87a82f0288e69afc647a1788f,1,0.00
0x4038bb16603ee35ffa8e4318cd08533249726406,1,0.00
0x43937b646de71dfd9fb798dd0b712e69e6879f02,1,0.00
0x813d8c405411095ea6f3d5388eec40c046f58022,1,0.00
0x43b5af3abc4365055cc38ac44d22be22de9d4289,1,0.00
0x69e3484e42b56d932e50a5abbe80d69c038c9edb,1,0.00
0x67bdb62c0ff92187490dd34ed1bceedd3e47d517,1,0.00
0x47c6884eea0eea3ce7884994fafa0e625766fb5c,1,0.00
0x11fe534021cf35d6119b9d94bf44363c87a243ff,1,0.00
0x63a3205b82e88165b089dfc7734dc46fd2b8f072,1,0.00
0x24f8f5ea406975a24aa5287dc027f462c200345e,1,0.00
0x7010893caa302ed8bd797a58afdc6785bb4e2570,1,0.00
0xdb347b889f637eb4fcff8218e949d8e48e212faa,1,0.00
0x195bea9e8e07106623d1209e54d902b81cc3e410,1,0.00
0x2d94f3b76730f4759c28f52f5069c0c2d4e16a94,1,0.00
0x19a23de68bb9f865406e1c0f100f1c3ead119db8,1,0.00
0x7cb8d4e4ef536f4f2b8b68ced79b85834d6be355,1,0.00
0x6af087957a58dfbe9b6e7330cf026fb8608d5efc,1,0.00
0x5acc091c0f3e856e82559e3657d4f685fd814796,1,0.00
0x82f1e56ec5aaaefa90cf7498f68c282e4a345d44,1,0.00
0xb6a5af060a230ddb9edd4b4d07b13b4fe0455262,1,0.00
0xa5c66d370178e2e88dfc8ce8f8991d575f5f3de3,1,0.00
0x72ddf9133e730caa445a707a78b04be5e2fd025f,1,0.00
0xe039f80a6aa42f256016d64e3cbf07a4b6e9d5dd,1,0.00
0x86508532f72f1f78f95369ea7605f6eae727e659,1,0.00
0x45db9d3457c2cb05c4bfc7334a33cee6e19d508f,1,0.00
0x67e1946a8a56c3f09faeac0e64ba223c81d960a9,1,0.00
0x45eef22d480a6b3f2511cf09fdba6058d4765246,1,0.00
0x1be550b866e6f85855ccc2b50415b2a94bfad235,1,0.00
0xdd7724eff52c6ec5f2f7649eadd5025d890b3690,1,0.00
0x244f281a206c1b99e446e1c1e676df9920e8b73e,1,0.00
0x2551c5cba6c873146f4651cbe18ca9e9309560cc,1,0.00
0x70c685ec0deba0f5e48a903e21fa6f954cb86c01,1,0.00
0x2556afa26389f3c578bbc8faa79526c3c8da43ff,1,0.00
0x2a0676c263ee88c146bb27e3fd5486d4745ab67c,1,0.00
0x1c038f2bf224c0bf93bb6bba9ed33cf0add38f71,1,0.00
0x449847ce6944de985f0093cadf06da4cfaedaef6,1,0.00
0x832130719210fa0de2deae8d47f3d59713a52718,1,0.00
0x77b9bd2765735512ee2b217cc7efa75158ccf2a8,1,0.00
0x3f271833fcf32092de39fdbfb5b6acf35efb398c,1,0.00
0xe8cf0b86288a921c17e92d2770769412d98be9a7,1,0.00
0xa1c6ab8f9d1c72581f673dbb80b3063cab6ffff3,1,0.00
0x22a3f617b583687e1a03272a5ff19506847dffca,1,0.00
0x5f4c0bd1cc56904340ab1e8041a3270bb27a2924,1,0.00
0x317a1fc10e20d5bfd78f8d69ef9de5656e82d92f,1,0.00
0x26730d8bd4bbed6bf7872b776f5f0f452fdff777,1,0.00
0x299667e0b886bc54b74c6229730c2aa6082c9af3,1,0.00
0x1f12b2d18140d574b0a2407dc11171f662e32519,1,0.00
0x6f5c809af9674ddd8e0392d748419baca7a8e965,1,0.00
0x65154024904d4383220ed510e2df97fdd88386b9,1,0.00
0x3af49b0730129577c80f77992888ec46df5b12c2,1,0.00
0x3155a31d69caaa7406d2c3f29d31fcc0bf81841,1,0.00
0xfbf476069526503a78fd730607d2b19470dfb03f,1,0.00
0xf7e438f538944529cafca60878e5603a0c0611a5,1,0.00
0x3d724726969d461fc43dab67b0051669e32161c7,1,0.00
0x64d39d09a820b24037a1668aeeaeca1b642954da,1,0.00
0x22c402d624f9a4c6d706ed1b030dbacfe31eef69,1,0.00
0x73c30a3750110e25f7dec210bed8f6c262f624af,1,0.00
0x1db5dfe55ca46121346517beb494a82972250944,1,0.00
0x3e1c70d994cdbe66eb1391129621115eac56475f,1,0.00
0xf40279d2bb72301ea2760cd3793520ab0190e561,1,0.00
0x2063ade4cfb13285891ff388097351c8a1d9f201,1,0.00
0x2d7be765c135509738589737b3e201dc60e5628e,1,0.00
0x9f99a93d20dc852209c6427eb4beeb4035b2d453,1,0.00
0x1e0489c93ede583cc95de18b743d0a44278911da,1,0.00
0x2dc257ee14db72312ea27b67efe57b87ef243751,1,0.00
0x7c1c586e01ae41a8c1e8f3e75bd86f7f154cf6d5,1,0.00
0x35bf57bd5dffc0d213bc0061c914d87f1b4d7f7f,1,0.00
0x2b476f8de284f56c9c5dfecd18c54007169d8018,1,0.00
0x3653327a7a5d5f8b7b1c21414a9e636d1b90ecdb,1,0.00
0x778a4360f3be2c9894dcfb2c86d3db60f056edc9,1,0.00
0x80f7fb038e86bdb8839831d6c945a3334464e60a,1,0.00
0xb3781e705f400c5f34006c13ab62aa882fed49f1,1,0.00
0x57e1eb633f289d837f86c2aa525e7d184c619c56,1,0.00
0x4b310beeec210c5e49353cf5f0eaf4ce03746f93,1,0.00
0x10d6263d017cd4ed6c6bde635e735f7cc4217017,1,0.00
0x65172d46bd1543a51d904d1bde6c9b037b55ac59,1,0.00
0xe006c34e7282a70d5a06005efdb8a6af0d4dd1c4,1,0.00
0x844435cd4f8efab891a7e10a1a03e6ee8c47a366,1,0.00
0x0ba3623d2ea6bb1c39f5a95607ff11505ddc9a2d,1,0.00
0x1debb900a149ccef4d27618035e43a6bf56e02e4,1,0.00
0xf67e75ace25dad866a6bedef7af584d937669c18,1,0.00
0x3fd847550e66c13b1d2cd64d99a2962a86a9f996,1,0.00
0x29460484106f43f8b47f21eac76a204bb5b42cde,1,0.00
0xcdd70db40f2569878d7ec94c8f959a1543d4b5ff,1,0.00
0xaea1086dc36fd42be8d41d3a25404e627c3da4dd,1,0.00
0x0b11c4ac8656d2ce23a22b569aa3744e998d0a3b,1,0.00
0x26484bd56332c4f6c382f137c7ceebf69dfccdd9,1,0.00
0x54f8a0c29b3b7e4f3e066f48ade23efdd2cbd987,1,0.00
0x08e2f6976bec281aa212073507b9dc2f03a9dcf0,1,0.00
0x22d4ec672e14c5abd785453e3d95f8d430bf3345,1,0.00
0xbd856773c538368eb6e58037cd36095adf909b73,1,0.00
0x3869bcbbdaa27b14727f3bacbfc6bb33bb14b94f,1,0.00
0x4ff79f82dbc3b9227e4bcc6553c67a87e6867af1,1,0.00
0xaa61ebad70de31d58005429713104830d12a7d1b,1,0.00
0xc8c07c5fcb970739e7b91eb34cdd9d7c564dede3,1,0.00
0x76c1e7d7403706556af3d55da0ee46258ffd6aa6,1,0.00
0x35bff7bd068bb82537fc00fe4d0b76085b856708,1,0.00
0x493e8215081ebc465312ee89e6c82ec8326b246a,1,0.00
0x8b1a1052ae00cc5e55fc8aa9ab5d438ff75c3adc,1,0.00
0xb500c5bff0528cc9c97b2c71466793733ed9b2ab,1,0.00
0x1775d75b22d1bea658e3af41336434112c6c2a91,1,0.00
0x688dbfd0a4f5c5044fa8ec518fdec8723a2abac0,1,0.00
0xa68b406bc366f4792a90fa1318c946bc79a9926d,1,0.00
0x8df3d0852ed8dcca579b5f35619c55678fb61b87,1,0.00
0x8eb106be3804fbcf8f903774a5b445bf231c0565,1,0.00
0x90ba11b630f78cd2c7b0cce44339bd8411b7c482,1,0.00
0x5e3688d5daca26952d1f4a923a90862edeb5e3e9,1,0.00
0x5d30fcd93147f0bdc24f50937fa5f377bdc5ebd2,1,0.00
0x5fa52ddd2b6aac2b386d833efb9a7d45fad0624a,1,0.00
0x13f829764964ccd94d5d12cc7e4c4d23639bda9a,1,0.00
0x1f82f013eb316f21ff3ff2996c7e285dce6e3bea,1,0.00
0xdc2501d60640cf1693773599a96349adfb150063,1,0.00
0x192dd4c33018e5ec6c4bdca2a1b9390426726a1f,1,0.00
0xf806f2516ecf8658636b7c8662ba418cc164cc5c,1,0.00
0x762ef378a999d0293de6c5dc699332b9b327f7b3,1,0.00
0x3e1f9ed325f4df75d7cca64ed6f7eef93424af17,1,0.00
0x96bbe83091c72a92d412ee42169c4f57f2061528,1,0.00
0x649c96d36f55c3f55962a080b638e8a6680475a9,1,0.00
0x0141f2b2705e4e1aab1bae99433a7c99b2c4a405,1,0.00
0x877c674a36523054e06b0c89415ba94eda603bc0,1,0.00
0xeb5b91e1458c660bc55d501c0f7046a4354d2935,1,0.00
0xca8376d14118a2ecd86d7f1a83ca545b54de0970,1,0.00
0x60662dd58992973323bc0f88c317d4898e6ff490,1,0.00
0x44923166a7ee5127b254c610d335c8f0eee02ac8,1,0.00
0x732812574591c7af97bcbf8240ad8d56dc91c63f,1,0.00
0x4589c49c2379b3b77b07ba3a3fb639219244a5c6,1,0.00
0x91fe094d0126532e3b656fe019f9615db128399b,1,0.00
0x0bfdd7b2492a320c6a6977fba003690a31f870fd,1,0.00
0xb1eab510c0cb08c4c6e31733b57b359934284b06,1,0.00
0xe9216b0b710a1252648f8a1d30056335bcb4a466,1,0.00
0x5e2d743e65278914f853f7406b69b7e8262f9659,1,0.00
0x8604468bf22eb4f722452dec5af66e8b1833ee3c,1,0.00
0xc925214778e7ecaabfec5de099179c91f96a4981,1,0.00
0x0d338842158c7bd593350a604bda8a97be0add25,1,0.00
0x45465fc668a7304670290c5a7d1d6f1319a650a5,1,0.00
0xb0c3b0e6859f3532e458d2e99947a1482a4bbaa0,1,0.00
0x7c45e90b3760d8f4a8f42d2cf97046df46019468,1,0.00
0x49ee0ca80e5a467322464c211b9e115842fcc2c7,1,0.00
0x7261ea016cac5c071b9f1b992229624141fe7531,1,0.00
0x3b50dbb0444aad5fdecc960d21a581dd1c0b73b1,1,0.00
0xe42a79e9ff0091c160ff0682748b0c9e3bba0360,1,0.00
0x1765fb0d57d5d8a739d140580c084357a8257c16,1,0.00
0xf1f32e918b394945270d1d5d6d377076247292eb,1,0.00
0x82d4b597fd226d7832f9e14b19897e1df5dc5c61,1,0.00
0x6e6cfbf8383c585cec6b7a1df76c50bc0f6abbe3,1,0.00
0xcb6415d682c3b9321ddab827b5744315cf76a2ce,1,0.00
0x35628e65ff59ff8695b4618d713c99f60cf0a85f,1,0.00
0xcf19e095903a9e83d5093884da52ecb4786c80ec,1,0.00
0x320852b78f85b72f22a645ea5f7bbf9d2c7a489d,1,0.00
0xc5208a7ecfd02c3de0d1e29d3b4ba6f6370a1a1a,1,0.00
0x9cd89f938652de3ee81fb4f24e5d362e642631ae,1,0.00
0x4eb008fe559638ce68a420685ba33bb2476ee8ff,1,0.00
0x262cb1b806919557ab8b9e00fac9af0376c3e30f,1,0.00
0xd1a8be21c3039218b2b2b69e2e0ff9786dc04876,1,0.00
0xc4fe3c4764d9dd0daa40ed9964fcbe80ce8de99d,1,0.00
0x4419826be42e8ead47feefaa5dab40ce91fae2b8,1,0.00
0x72f763ea759e71e7d638b36a9e25ee181768e0e0,1,0.00
0x99d525e0c8684448d5c5890c61c55f26a9a1b3b0,1,0.00
0xfbd160fc039b986e74afc18e7ec7fcd1274a1bf6,1,0.00
0xc88f9cb5c4809f3140cde88d2de90f1ad360ecf5,1,0.00
0x34476e267cd37d6c38ea4de69e400df337e5fdab,1,0.00
0x5974edb5e30f260e1b45bd816a75c6cfbc573d7c,1,0.00
0x5fad6808a9d8c05d57a20bb2d4487364ce43d322,1,0.00
0xe8a152ac19e7cbaf5d29e1c37b583f59762cc183,1,0.00
0x334df615d6c7c4429c85b0674673b1a246e38cd6,1,0.00
0x4ec05ddf36b038d0a36475ad03b813e429cf92bc,1,0.00
0x98a9604281491244bf8580586c3d33b6b3722d71,1,0.00
0xd056f2d685b9de70b79d06706c4cd54083bb739c,1,0.00
0xe37cc695fd6e37e1ca75ec559afa4ffba9806438,1,0.00
0x6bed9dfdb5d7af0c2c442861492e53d6b1ffd0b3,1,0.00
0xb60856d3ca742b5a9ba9db3b5def4f5529b9ac9b,1,0.00
0x31a8570d59ce56b8c4d75088af34e540b0aa1513,1,0.00
0x90ea9169e43f727dcad90c11e71ee79f365cac95,1,0.00
0xfd44ce754d8d474ba735d8db658d9d01d0c8b3ba,1,0.00
0x89e8325cd94afc2f4f72d3d88dbfdeed7eab5d41,1,0.00
0xaca6d786578e129e7b31d210a4519fd22f735190,1,0.00
0xe76a87c0a03fa27a9958b7262b6ae8a322d2797e,1,0.00
0xe8a8928ea0b5df77d31cfd15f2cdba758775ef07,1,0.00
0x39544b2f74271f9c49df830d6da8752cabb8b2fd,1,0.00
0xc1170b1880b3264fbedbde35191049931c2c8ac7,1,0.00
0x23bd61681a457b0c879e4fa87da9e7d6a84eea86,1,0.00
0xb130257d0563e5048b46307336616b7a5c390942,1,0.00
0x9d50a4821c7df6113f872743bf99d07efdb67f79,1,0.00
0x0248cc679047beb36d78b3bb0af4fad8d5a7b73e,1,0.00
0x2315b1ccc7b5b9f138966b5a81dc34aed30613b2,1,0.00
0x04553e4270b3783113d0c48f55a426a81fc979fa,1,0.00
0x49de8f7c81bb0c216710c554cf89490ccfed450c,1,0.00
0x7b0ac670c2a1b97a443c50c11e7a49f55fbfa0cc,1,0.00
0x5b27d47925f4663196a7891e4c16edf4638d9bbb,1,0.00
0x3ad50afc9cb5776218d555cb73fdcabc1cc24621,1,0.00
0xdbc1c1de35c8fec62a2a83a229ef15a4f3b1a19e,1,0.00
0x4aecb1af01e6c1fdf0abe1424961aa7c2bbb130e,1,0.00
0x2c91f6654cc73fe33fd10700d198bf21122e78bd,1,0.00
0x0257cd5778fc25839b88071843a43ba77b22dd85,1,0.00
0x42e7a4bde4fd9a1ac943371db4a450be6729b895,1,0.00
0xb5a72690bd25ec1957f6f2c2527fc4be109c7643,1,0.00
0x917886d9fc43c57e7e879cfe60f0a5832d44f51c,1,0.00
0xe82d221b574b6f68fff7fe183d18ecffe59e6909,1,0.00
0x116296269dca53c736733a5babaae68821024a6e,1,0.00
0x2b700833738ebd72f1286661ebbf0eb2ef0c4902,1,0.00
0x4487096a0e7628552b1069fc017fe633704fff51,1,0.00
0xa8bcc02fe89a32be7987d485cc9732c082145ec1,1,0.00
0xcda1feed5a9558e432fca8a4e2ced6c4cdebcffc,1,0.00
0xfebe1d5652e7f5eb84df13f497623037d2afbdc4,1,0.00
0x25acf1a4207a5efcc3b3c6c46e3a14499fc6ae4a,1,0.00
0x7a63bf8deb7ac70441a96dd1b90ff22363ac0be8,1,0.00
0x41b27fc48051cfa8965b2cbe0613a006d66a1802,1,0.00
0x2617df5793e7ab1303c889a939baf837ff73defd,1,0.00
0xd1d00485a92afcb017f4fe56c4eec2c4d115afdf,1,0.00
0x06baa203dd5f02734016bdea22e83374ce5d5f90,1,0.00
0x54b0ccd17dbc666f6e1108229b1f35e9850945e6,1,0.00
0x1a369c546233a033c261f8529000bf5b81540d1f,1,0.00
0x0b15d955cc1b10da46cb81c4fb2d8dcb82ce8ee5,1,0.00
0x21c81f931866eeac4360fdc9430155663c884a72,1,0.00
0xd456628f744c041a6f382ccd7b5970a75654f3b6,1,0.00
0x031761c6eaa21cc3d5e4190bbdfd11b12034d446,1,0.00
0x7abdfbbde54cdcb04a2ced970699c657909e0e28,1,0.00
0xf244e9d5afe463bd1ddb270fa6bc0506477ab4e8,1,0.00
0x7f88056df3ddd3a52d7055d25f1a8bd2b880a09a,1,0.00
0x10bfe0edb230151143189c610dceea87fb8c1869,1,0.00
0x052bcdf257c47386b4368ca67a5b8fd05b7fcff2,1,0.00
0x9931f0108a281a0a4b78613156a039e6aefc59e4,1,0.00
0xad7d11f2d5058424aa77ca7cfb892059ab978dfd,1,0.00
0x04f5f6c9f01a9c28fac993ac6f8641e5fe180f7b,1,0.00
0x248cd11b22d6c14f5a27606a8d520f03f1df1381,1,0.00
0xb0b8bce78f97234cedb064acdd7f6b8915295644,1,0.00
0xa9f3f95097a588b9d0dc828f6eda73edd886062a,1,0.00
0x95db13a14adcdabd4b9bb9de0f62fc3c719aa3d4,1,0.00
0x47c916425f6172a497b856b30a5c5e17c00fb0d8,1,0.00
0x9c3cfd382b50d099d8d73cc2ba796a7043f6cc7d,1,0.00
0xd6b1ea1312c730931aef4a6e3fc1b0dc4a7b17f7,1,0.00
0x8e678472f470177c4ba990d3e4e285b021f8cfd4,1,0.00
0x066edfa484633829f98c11d34d2069a444da90c5,1,0.00
0xf6a0eeb0e56d285d5fb0a580d8c65ecb50cd4cb5,1,0.00
0x052ade5d0d01ce2d7c9c6d87cd4f91c99879222a,1,0.00
0xea5f29502d5fb4b5c19425edf41300b971d9cc6a,1,0.00
0x43d37488a7371af036ba669e6f57e25f57bf469a,1,0.00
0xf81b7552eddc93f2dba3986517abe2feb215b658,1,0.00
0x3f1df3b240eb57460d66c75254e62e6615101a9c,1,0.00
0x100c21f5ebb166755074b8c1f6480683edbea10e,1,0.00
0xafc09fc731346bc2074e8edc6cbec42deaf8c50b,1,0.00
0xc01efba3cc4f5b8e8bbf200033a51cc34a9c780c,1,0.00
0x9454358d7c5776d894f3a90c572e504c59d46b7f,1,0.00
0x06570a203cec726099a7facb6a44c48f905cba9f,1,0.00
0x22c42bc7329bd7ba68217dee802b3ea46290e534,1,0.00
0xf4b0591f93e7606a9c6195c828e9a027f089ebf5,1,0.00
0xad9c3dc558ffbb1ff9eed78387343d2718195ad1,1,0.00
0xa047fbec03735b47ce435d41740e3e141dba8afc,1,0.00
0x2992beea89ed8dd473ad27c0dc9789fc0cd0ddf0,1,0.00
0x190be6c8ed10517fb707b2be422a8592bf2a0329,1,0.00
0xea97de18d8f190c9b26249d5d37c2dd9be63f165,1,0.00
0x80edd231e97c07f35cef3ce96cd7d4e9f9d45e47,1,0.00
0xf04e2b84dfd541db57bfc21a4bc4d4625c86a1f3,1,0.00
0x11fb307828338c9759294f4d61a6c0e492d57f1d,1,0.00
0x9aa30f8c76563a6919bd616adad9167ecbbee7e0,1,0.00
0xa11ce415ef2f93432cd7680bcb7526c5c8b9588c,1,0.00
0xa1f70989441d1bc2df67b5d902e0941e84461839,1,0.00
0xb664f09181fd822b429c3856554265a153884fd1,1,0.00
0x9a9981bfd74dd945c1380f490ea0ee5f22b7679f,1,0.00
0x80bdef4e0b797ac474c789621778cc8e94b28061,1,0.00
0x0a6b8737f8d2da2452c5bb1bcbeede6b324f87d6,1,0.00
0x3d97765dc58e8b962d07aae57e443ab3d939a1a0,1,0.00
0x2dffaf703d15c19a19096abfbf093fbed2c22c3d,1,0.00
0x8b356e6d18bb6f0a8decb901463ecd8ff8099958,1,0.00
0x5ea2748f558fb224be94736c7bf048f673b517cb,1,0.00
0x23b3ec328f5f9ae6de17a76df43146a61186d910,1,0.00
0x6ebc83c3f1d5ed30fa9dcfad327a7bfaa75f4494,1,0.00
0xb4b69927fc7ad6960c424ce4fbf6d396190b2224,1,0.00
0xd2e5711730895dfee041c8c5e5e5d87ac7ac1d1e,1,0.00
0x2b6e62d618b99bbbed0bdb5f42b7b45295ec658d,1,0.00
0xd4af539e951bfef8629cad32c2ef89321e430cbe,1,0.00
0x3cc8d66669d538884b1f3ddf9fabb659d87a61f6,1,0.00
0x97280c89112defcc172ee73de81c57c85118a25c,1,0.00
0x22e704868ab1ed41b16c6ecb2abbab2f7ae9967d,1,0.00
0x58fa3a1a94d557e2836851290eaf7903e2189ffc,1,0.00
0x916a723f214d26b4e0576e2a8e83df6477cd8188,1,0.00
0x9b481bd3f3b5a57cf8cdafc14e116e1afb20800d,1,0.00
0xed8b3f83bc2e94bd6c3b79b1835715bb02a9d0c4,1,0.00
0xc13a73c64c0a0522813b0799ba43619d18f2c46e,1,0.00
0xd6f340c932f8ebbf05586a6d08f8f46da99c51c1,1,0.00
0x07f3b9a102b3aa8b17f6aae0ae7dbcb74e5b771,1,0.00
0xf2c76c03515e85f41b266f1bcefbc36673c08c36,1,0.00
0x325f3782d4d2958757dd33eea69ea0357bd6983f,1,0.00
0xd692d2172dc84aad7bff66f9815740692bb99259,1,0.00
0x8a5b29889c1e17f587e13fd850ef15330c0d0946,1,0.00
0xd9a5b1ac7e84ca4437ed28949c8aed0c1b193d27,1,0.00
0xcb747abc35fee9bb9d92b1cde62d2dd813b72fb0,1,0.00
0x0232517a5c8127735859a6b2d4d65bbbc2d7a656,1,0.00
0xbfd5bb972e74020d9245c5628e3892d06e9d0f8d,1,0.00
0xb98f19979b7a3da73da042c9d6526934ebe15f4e,1,0.00
0x0100988bb13ae47804476cfdb63a3d140b626970,1,0.00
0x4b6d047e98830532fc1b688072b7fbcfebf1e356,1,0.00
0x4e8b14ec5434cc2ca56d3f38b265be2c7aaf6de2,1,0.00
0xd186573cb7fdb21af5bbc6fad9d02b19e7dd1951,1,0.00
0xc289b427625f226f39cf6c039d65606fa44eda51,1,0.00
0x13d9a78bbd6558e69c468c6ad2f11f6044da6f9b,1,0.00
0xabac0dc69eca467d2f29648c8f9e4f72b04c1866,1,0.00
0x8b8355c094ef0a32b1aa4f50ed6c427a10eae723,1,0.00
0x80543668918cbdfd5742f805261083c554d0e0a0,1,0.00
0x262c49f171cbcb0deaf287984a8a233814b15722,1,0.00
0xa690515d526ccce35c6340133e73bee3688a58b2,1,0.00
0xb4fc3e18543b9d2907aeff0fb0866a554f078db5,1,0.00
0xc75aeafb36807d7c3015a3d60683455d476a11ae,1,0.00
0x504a1af3ec75ccac3dacc93c9a93a32d444765bc,1,0.00
0x1454682c8bc5df73d2eeb2820e253163d6ae973c,1,0.00
0xbdddb0e5c72f6d131bb3f37a57e76f3e4d4bc4ef,1,0.00
0x6c744845e60a3e64f9d207742643e88f10d25372,1,0.00
0x85d1b4aced9027d8e714874ce4cd9017e3bb1c32,1,0.00
0x6da4709aa4ed007ec7b9661655f7c11be477f4e6,1,0.00
0xfdd71c059d3b781435f9bed3ea5ba57c5252db1c,1,0.00
0xc272b13f3b31b99e01ebccf721d2a43c408a8dc8,1,0.00
0xa65056d302d00be248635924b25efc39ea67b64f,1,0.00
0xb746ab02a8218c97b5364ab5f305316cca30ef79,1,0.00
0xd477ae8b6dc63239328c8af5c7f104b75dd7096c,1,0.00
0xceba755f9357634d8542de92ca8b5a26cd935e34,1,0.00
0x93c33dfb83dfe7ab1fb68a153338137aa5d7c339,1,0.00
0x73233bee38bb2a0a9ee119d984652e87ee2dab7c,1,0.00
0x2389b162e4d22ad91b8820da0652f6cf115f33d5,1,0.00
0x07dcd732b6788aae94f31f5d4e30ef44b169b454,1,0.00
0x7421c0c149ce5191a495a411366f66246723dc1,1,0.00
0x76346fe73c38e73183874b2d987245163db276bb,1,0.00
0xe8f95337757ab6ebcee9b7bf44130f5abea3aa97,1,0.00
0xad1d0a652f230efdc4b64d5c13d2155d2a9f2889,1,0.00
0x5a512866d6e2a5d34bcda0c4a28e207d2a310b60,1,0.00
0xc915c6d011e1eda4da490bb12b64e05318e325ae,1,0.00
0x5110db2a56d4feb22c12287d71a6b8121989a0b0,1,0.00
0x06cea868989e47a86f078d3a17b4a8b8a7ebf72b,1,0.00
0x2eade7ea53ca2ca6477c0ba5526393eaeeef1784,1,0.00
0x240971136d40291fd94dbef7edb871e54fc10667,1,0.00
0xa9e130e70638d06982459011892efd6cb529c77b,1,0.00
0x37826eee742746749eeccd2879cf91d653d6af19,1,0.00
0xfaeb0b21d43b4b86886f393a02ad6b74c0dc6be7,1,0.00
0xf86a5d3be87a1bcb850b3c80aa9d86727133ae79,1,0.00
0x01ffe82b9265f36a51bcdae3c577c9e3d2c45324,1,0.00
0x867879a3ef3deeafea05c1847735bbf9407f1470,1,0.00
0x2887b6def9ced6ee5672240e666ff5772f719041,1,0.00
0xa2deb339bcc07a2f7c7bf5466eac087773a67864,1,0.00
0x2cb46980d580ed0b69093b4755dd43073025f3f8,1,0.00
0x36295cecb71613155b0926769cf04e6dec8e6906,1,0.00
0x94caee907f5c4e590b9148189dbd8ebca05c9bf7,1,0.00
0xb5d9d7bf9f9ce1dc84dc0c9399bb7ec9e2f7d347,1,0.00
0x315ed9f40ee6e800f1066c3b558b28a68b4c969c,1,0.00
0x970bcd03db373e96d94de052f37461d82be050a9,1,0.00
0x03158305104b385e1a566fa7153dfb13da15f410,1,0.00
0x80dd986ab7c46e399af0ae80fa1539af72b89a24,1,0.00
0x730fa3f1bc1724f424fab4822cd056531d45ba85,1,0.00
0x52b29cfee5e4e563d34ffbafe0b6328aed87ead7,1,0.00
0xf71b036678cd6f7d7b266f9ea490e59af2b7b955,1,0.00
0x6fca51e2cb26f258bb7dbc968e645cb69830d7be,1,0.00
0xe617003ad8fc521f386ff400d48c35de7d6f1e64,1,0.00
0x8c55baa516382312d8ddfb9c6c29d4ddae9d3bbf,1,0.00
0x68e6056f7a9590711f28c52d815cba5706095e31,1,0.00
0x41b15a5c426f6e11e778f31aceb008890e90cd27,1,0.00
0x430937e94f39db04f0632f18ff66cabc76b45768,1,0.00
0x75090b51501ecefa4bfba0819c585ed712703ae6,1,0.00
0x33588345fd80cd7e3d5ecafd9e0c2e1314c0a7da,1,0.00
0xc34ff061b63a6527e95d37dbf50ed34aa01292bf,1,0.00
0x9063998b39884c22be3acc91be8ba4acb885c642,1,0.00
0xf8684d02d4de8b9471d8300e97de4764451c4175,1,0.00
0xe80887c47eb7684a2ec5230867f739a662a9a4c5,1,0.00
0xbeb4786ef7184bf43a84809e0ecbbb4e71ac85b2,1,0.00
0x3e7dbb5103158646ededc1a0a15b43f15c7b42ab,1,0.00
0xa30f7e6d0f25577b1035e548272ff57f790d25b6,1,0.00
0x2d73e9e1607749f65cd5a17908537a0e4876cc80,1,0.00
0xc2d3eb09dc190f503df2e46a01ac10bf62ed1d3f,1,0.00
0xcdd7a196bf3c838015693183728634bd401a993d,1,0.00
0x513a21eb8651840eb9c97364449a17e4fe308035,1,0.00
0x2874323fe941d1b1c7135e21597ca7025d2cff00,1,0.00
0xade189158165ceaf3c56300f8f736e6ea9f34dfc,1,0.00
0x9391bf4becf18b20d1567dbc53d3a80140bc6759,1,0.00
0xfefe56d1187b0d5350cc7d0eb4aa664e77df5674,1,0.00
0xb391a7edf1f244312bbe910eccb7cbd2c0a1f25c,1,0.00
0x45d2b3c771ff4dc9c78cbf1e8a131e7f65d667e4,1,0.00
0x6e033223017ef065d8109bdb8ccf2737683e7cec,1,0.00
0xa0855c326a09103cfadae9b9760e617c832f1290,1,0.00
0x0fb7c72e96be888694aae447c8f11d8114639987,1,0.00
0xf875ead5c90fb4bae158158f72eed0ce148fc159,1,0.00
0xdfd9e0b773be85b9df1c439d58343a83dacef7c0,1,0.00
0x31b299cdc486cbbb504e2cedbf8aa46ab5c2c5fc,1,0.00
0xb0d458fb092516d7261619d51bc37a00f56a83b7,1,0.00
0x3917ce8ad6fd1946fc6c4036478fcca2a27e79a4,1,0.00
0x309a0b7eac4c64c74709b054c9a94e2431d906e1,1,0.00
0xc123dc5040bfd551dd61dc5b3052b0e356f9717b,1,0.00
0xfdf913d48e2a3bf83f3d53d515962147b692e18a,1,0.00
0x0d51bd63d8d22cd2cceee97098f8c66eb526d05b,1,0.00
0x896167cc692b22e34084c05659c2c3ece8685746,1,0.00
0x9267821374562fda4ac8d29ffc3a0d465abe005a,1,0.00
0x8b28ca6d7e089581140b05d0819da9985e6c734a,1,0.00
0x8da9e83c19beb1a6102716e1d27c9c4c6cba01b8,1,0.00
0x64862f5c716b76e843ec010e8228f0fab7fa8ea5,1,0.00
0x7260b7935b67715066d5ff7e67732d8c65daa657,1,0.00
0xa965781d4b77dc50c2f6b9130b132d49758b6f95,1,0.00
0xc312aa383a27fbf66b25cdae95cfb3b0e525d6c2,1,0.00
0xee96b896fbe717a7a86e8e862ca719645a785b57,1,0.00
0xe6a887d3b3ee2e5cd657d4977dbb466ccdbf8dd7,1,0.00
0xdba07a9bb580c07864d19d12460e85eccfa816f3,1,0.00
0x63577e7034eeec4446fdcb58a547bda878ebf33b,1,0.00
0xf7462ab1902e6ea8c8639bd9c045cdd4411a87b4,1,0.00
0x290049097a79dbff0992aa5fee574179067b1cdb,1,0.00
0x45bf8a15c55b0610bb611a3cdd663df9f96855fb,1,0.00
0x162ddd41e064974dc7e4c18b74fba27f26b6d7b1,1,0.00
0x2dacc0b072146b40e60b8596b99756112d45c924,1,0.00
0x3bdd7177f3eca1d6b38b0bd655d7e4d32e4b51ce,1,0.00
0xe93f17827d0b664b61f87b9f4b0c1214802d57c7,1,0.00
0x27f5a19a89952b2d2763fa7b75563f9d27c3c884,1,0.00
0x2997322216a66a42de89b7bd95d4b7ffa55ca121,1,0.00
0x271ca064f6f909002b04e4a13846a8a3efee92a4,1,0.00
0x6c7d0b18539ca5787a9dffa7ee0765498d5caf34,1,0.00
0x0c38945cfd1dc8553e19d0aea687f1700e2f5707,1,0.00
0xe872dab48c766ecbfe932c56a4e4750f59a080b9,1,0.00
0x71551df5f2a608b3300e2d2c95f984979c58280f,1,0.00
0xf434800bda2427499e6dca2cf32ef3f0e7ff10c2,1,0.00
0x4200dad3acbd900b52d70950820257e4382dbca3,1,0.00
0xbb72507bd56079aa82e9688168c948f15b11cbf2,1,0.00
0x1c58d73b9115d59c0a2911b2c835e7ee2a4b6857,1,0.00
0x8897015c868e0e2015faba6a626eedb36a177d21,1,0.00
0x2a20a1edf2ae0dbaa59db2543afcb0265455be78,1,0.00
0xa1c580ff9e444ef77d23a315fc7883c5e4b5795a,1,0.00
0xd1bbfff1e3d89dcfc4873aaafff17da2a132f2e7,1,0.00
0xb5f0929a421f2772b68397b6c4a7fe6de95cdb9f,1,0.00
0x9094b013da69cd95b05e8648fc0b6f52384700a6,1,0.00
0x9029bb967b376d0e42845cc67f0e927f03ed245e,1,0.00
0x1a3f550af122e497fc658d84d60c856ad5498803,1,0.00
0x17f5fb7bf9ebe9c4f4826c40f52ad081b53f8af0,1,0.00
0x4efefde5785da7bbdd76860293066d746b27e382,1,0.00
0x6050366d58becbc67877db2b4872ff567912de92,1,0.00
0x831cd06a428e25a1e4d08f52ad2a90a4cb8a2010,1,0.00
0x8c0e638ae5f611438809f5b4ee64b9787a90c29b,1,0.00
0x6c4f112124b77750e7894f9ea26f43dfe868a6f6,1,0.00
0x1a956b82bffc86064b238d3b48c43c681079cb28,1,0.00
0xca515843a81527213b273760d8575affb9a2340e,1,0.00
0xb5cbf860e34a77f88b412daa6617615389150a00,1,0.00
0x43c3ecaf74d44700a7821f3ea58ceae569d7158c,1,0.00
0x989fbbb3d0b3f0575e8f89b79b1b08beac2f77bc,1,0.00
0x745140bbe13a0ab359a5360df7bf8bc92cbdf8b8,1,0.00
0x5df3855d94419569c2941861e4b2b328fdfceec3,1,0.00
0x6f95b605e09e09d2918c058b0b1eb85f0454c9b3,1,0.00
0x8c1edb930e7b5cf609b5caf88588b7a971ce1ba5,1,0.00
0x57af4522c8891e9a54379ac48f4ba64fee272543,1,0.00
0x62116c427f4f19a420c1ec8b71b2956ed48ddc3f,1,0.00
0x74835f981e1ccee8a96d0150a37047215a8bef06,1,0.00
0x53c80cd78f8275f819304b5128966ca42a40761a,1,0.00
0x7336b37a4a86842fd6b5546c5590229c59690ce0,1,0.00
0x41f85115649d1ed6bcb26e659fd6de8d5bceb2c7,1,0.00
0x6703b22b11e5e6c5a8f4e6703ea9c8d4c42f75b5,1,0.00
0x3ed0579ce5fea14098c1cfd4cfbeeadc8f70016f,1,0.00
0x5e1f41347bb12a6a47e256395b58e700bc3d4e8d,1,0.00
0x698ded63cd3725bff21eca1721bc9786fe353763,1,0.00
0xb2c696d7bebc1c262232cf339312655441d0252a,1,0.00
0x382ce0f1d8f27766a40c89efc063412651aa5ccb,1,0.00
0x0a91278f58b852197dbf6014318783ed9800a9fd,1,0.00
0xeaa23d8a0c279680948883bfaf14a96acd04da81,1,0.00
0x44f07e2aef6c5658ab24410b2067e3c78167264e,1,0.00
0x914b80b113238260c0f88130718641911d9fb425,1,0.00
0x289dd6c0693e2cb6d440c733b6bdbe2852b900e0,1,0.00
0x5e0a0ee5bdc2ef556d3dd0998584174ac2815784,1,0.00
0xf1c80c07f7dab02397daaa4e7ca304e9a1be769d,1,0.00
0x7bf847b93d6c33a3e579d6fc7097beab1cde3083,1,0.00
0xb2b8d68b28c4f2bdc3362b24fc530f9e346ffc8f,1,0.00
0x952de9e06a4c6e5fa9383189ecf7ff4c71dd6efa,1,0.00
0x547d84ec6dd991f74499066a6f390f45a9add251,1,0.00
0x9b9bd839d22d03559ab75d963da4b6ae4ec5a586,1,0.00
0xb6e309dce5101129b5b4c4d21400411a7862af85,1,0.00
0xbf442b34d73c71a8f0fcb7180a673c741913347f,1,0.00
0xe80503de0b8d1d28936628edc43a391dc769be70,1,0.00
0xf5227d675800646a29fb5060db376523a12b09f6,1,0.00
0xf8ba8cabc7865b6cdf93a635af5e31ad72670159,1,0.00
0x4b5b2f4b507fdbfe0f5d5ca1258cd7ffb76c2314,1,0.00
0x4ef6fab6b2a32fbd67c81aa0adc8e1dc8c2d9257,1,0.00
0xafa41fde98f19a7497cfdd99300d604a84b7b01c,1,0.00
0xf9fb863092ecded7fda372932cd891762e5a39ed,1,0.00
0x413e49b8acf6dcf6bf149ad3af87ee3e2241a9b9,1,0.00
0x2fdd9cae1dbfc58a4f959e3878aa7e28345f6ae9,1,0.00
0xeea89c8843e8beb56e411bb4cac6dbc2d937ee1d,1,0.00
0xec0b979f8f357ee607af8f90ad7c39e3bb14b343,1,0.00
0x9e0ab0dd932ea36d11958f49a59c3a5468e1b388,1,0.00
0x94210bd1bfb75e576b2a081672c16e894dad403c,1,0.00
0x7fbd7afaf94104a19bedb42851fe972f452896d9,1,0.00
0xe92db93c37c4a9623151c732ab68c2104a7c729b,1,0.00
0x5a36aed996226b4434655aea91131d17ab494f5f,1,0.00
0x9a4dbcd82de6f5dee53df45d572cb4e99e2ad9c1,1,0.00
0x3e2ee405abba45e1e7df348ad36da204faf8e4e5,1,0.00
0xc64824ce9ba1b475124013e2b09833396aa1421a,1,0.00
0x110cc0bff4cdc3c47dbf66546d6117cfe98f8a63,1,0.00
0x322d032ddbdc0aba1908ea6a9682a4ef83796c5d,1,0.00
0x24e451a3b5ec22947c1d23910edacccd755de9f4,1,0.00
0x30e13b22fd0cb3d222824a2252e5969ce580512f,1,0.00
0xd3f8c00bbe73be6d1f8a0e3a4f2ea4b2c026312c,1,0.00
0x2479e79577e472bcb7ea65acc1cf56a6ccc5d3e8,1,0.00
0x8c292beb0df2f8b184881ca1e4e438725e507df6,1,0.00
0x72ddf9133e730caa445a707a78b04be5e2fd025f,1,0.00
0xe8cf0b86288a921c17e92d2770769412d98be9a7,1,0.00
0xb60856d3ca742b5a9ba9db3b5def4f5529b9ac9b,1,0.00
0x813d8c405411095ea6f3d5388eec40c046f58022,1,0.00
0x987d82ec0e7425046ed3d4002bc216f95d601959,1,0.00
0x240f2b71747a017f7cb358cbbb1f73fc9a39a3bf,1,0.00
0x5beba6eba586ba44ca5306376e7c66844edc8998,1,0.00
0x4ff79f82dbc3b9227e4bcc6553c67a87e6867af1,1,0.00
0x1debb900a149ccef4d27618035e43a6bf56e02e4,1,0.00
0x7b7061c443ec2197be01e618530e46211d22a4d6,1,0.00
0x7507f8bf57bbad94ea98d54abd7887c0f21724e3,1,0.00
0x15a5d5f847818be539a1f55ccf1a3e8fa871659a,1,0.00
0x0bfdd7b2492a320c6a6977fba003690a31f870fd,1,0.00
0x8ecf4dc5b034e852bd0ba83d981f9f326a4d6f12,1,0.00
0xf1f32e918b394945270d1d5d6d377076247292eb,1,0.00
0xd056f2d685b9de70b79d06706c4cd54083bb739c,1,0.00
0xe37cc695fd6e37e1ca75ec559afa4ffba9806438,1,0.00
0xb3781e705f400c5f34006c13ab62aa882fed49f1,1,0.00
0x2315b1ccc7b5b9f138966b5a81dc34aed30613b2,1,0.00
0x9c3cfd382b50d099d8d73cc2ba796a7043f6cc7d,1,0.00
0x3fd847550e66c13b1d2cd64d99a2962a86a9f996,1,0.00
0x2703cabf01349410547e0b093c1df39c524e35f9,1,0.00
0x26484bd56332c4f6c382f137c7ceebf69dfccdd9,1,0.00
0xe42a79e9ff0091c160ff0682748b0c9e3bba0360,1,0.00
0xea5f29502d5fb4b5c19425edf41300b971d9cc6a,1,0.00
0x80edd231e97c07f35cef3ce96cd7d4e9f9d45e47,1,0.00
0x667b32cc975468301305018b81c8e4d82b11ab35,1,0.00
0xfb696754da156565adca36bc39fcaf0b0f929fdf,1,0.00
0x98a9604281491244bf8580586c3d33b6b3722d71,1,0.00
0x8b1a1052ae00cc5e55fc8aa9ab5d438ff75c3adc,1,0.00
0x101d9f314374542a2ab1019cc17752723beb4c2f,1,0.00
0x1775d75b22d1bea658e3af41336434112c6c2a91,1,0.00
0x29d50104004e138f01262bcb50d16e329556d10a,1,0.00
0x41b27fc48051cfa8965b2cbe0613a006d66a1802,1,0.00
0xbdc1d3d5d087d045fd11166a0c226c136465bcc7,1,0.00
0x2c91f6654cc73fe33fd10700d198bf21122e78bd,1,0.00
0xf81b7552eddc93f2dba3986517abe2feb215b658,1,0.00
0x5a25547b37f0e14412747b48e804171910be3aff,1,0.00
0x100c21f5ebb166755074b8c1f6480683edbea10e,1,0.00
0x80610907b1c7b70fa9db232d117fa793eb3e5123,1,0.00
0xcb747abc35fee9bb9d92b1cde62d2dd813b72fb0,1,0.00
0xb5a72690bd25ec1957f6f2c2527fc4be109c7643,1,0.00
0x72f763ea759e71e7d638b36a9e25ee181768e0e0,1,0.00
0x85908abfa4707d79984b2d6393700287287d5f82,1,0.00
0x49d6316d8c0398d4434dca9db1d07ea0196e5f85,1,0.00
0xad9c3dc558ffbb1ff9eed78387343d2718195ad1,1,0.00
0x6bed9dfdb5d7af0c2c442861492e53d6b1ffd0b3,1,0.00
0x052ade5d0d01ce2d7c9c6d87cd4f91c99879222a,1,0.00
0xd4af539e951bfef8629cad32c2ef89321e430cbe,1,0.00
0xe82d221b574b6f68fff7fe183d18ecffe59e6909,1,0.00
0x50b9a91f783a1d23138c2724907bf29ff567a3d2,1,0.00
0x39544b2f74271f9c49df830d6da8752cabb8b2fd,1,0.00
0x116296269dca53c736733a5babaae68821024a6e,1,0.00
0x31a8570d59ce56b8c4d75088af34e540b0aa1513,1,0.00
0x8e678472f470177c4ba990d3e4e285b021f8cfd4,1,0.00
0x1ad6a7fc27a71ee4dc621ee81c474a63078fde34,1,0.00
0xf04e2b84dfd541db57bfc21a4bc4d4625c86a1f3,1,0.00
0x56179767863fabe7ea4ac20651ccec8d3daa6795,1,0.00
0x8eb86473a22b6d5e5c6ec45790a48204a921e8d0,1,0.00
0x24c7e886b90f81314e1a1e1b22ed8be42cccfbb8,1,0.00
0x5b4d36c1515202dac87a505fb7771bfbad2c98b3,1,0.00
0xd0589db8a7f2aa67dd2f681adc64253b6e8e5725,1,0.00
0xb7acfcc4ad83864c72bcb79d9ab3ae60699fc53a,1,0.00
0xaf3b2cd660c606c76c257691b73a3ac42c0d42dc,1,0.00
0xc289b427625f226f39cf6c039d65606fa44eda51,1,0.00
0xceba755f9357634d8542de92ca8b5a26cd935e34,1,0.00
0x9454358d7c5776d894f3a90c572e504c59d46b7f,1,0.00
0x63cf7c74bc5ed92f1674b7c4f1f51cd3588394c6,1,0.00
0x06570a203cec726099a7facb6a44c48f905cba9f,1,0.00
0x3ad50afc9cb5776218d555cb73fdcabc1cc24621,1,0.00
0x22976f1dafb5a4c851fa69ac7279228a49c50dbe,1,0.00
0x7828f7cd546b4c02e6dbbe8f5ce85207cc1c1e8b,1,0.00
0xa49917ac63ab64f28a4597703052079e3c7955d6,1,0.00
0xa0de3585ce36e2fa25f45885b2895898876648ea,1,0.00
0x8a98c70a64e91a4e2c52c15444fe1f28f956c3da,1,0.00
0x0d51bd63d8d22cd2cceee97098f8c66eb526d05b,1,0.00
0xa8bcc02fe89a32be7987d485cc9732c082145ec1,1,0.00
0x6c744845e60a3e64f9d207742643e88f10d25372,1,0.00
0xf2c76c03515e85f41b266f1bcefbc36673c08c36,1,0.00
0xcda1feed5a9558e432fca8a4e2ced6c4cdebcffc,1,0.00
0xabac0dc69eca467d2f29648c8f9e4f72b04c1866,1,0.00
0xe8a8928ea0b5df77d31cfd15f2cdba758775ef07,1,0.00
0x8b290a2011f3fcef58de1b64c68b20e7e1626b08,1,0.00
0x1f27c5fc1f2a36ed1d23dc53c829b57a033c3d48,1,0.00
0xe00ddf1b2477c84e7bbd6a55efd0d38526475914,1,0.00
0xf4b0591f93e7606a9c6195c828e9a027f089ebf5,1,0.00
0x1a369c546233a033c261f8529000bf5b81540d1f,1,0.00
0x7434005f4d3d5cc92620e30be4c17b7687d88c6e,1,0.00
0x06baa203dd5f02734016bdea22e83374ce5d5f90,1,0.00
0x0248cc679047beb36d78b3bb0af4fad8d5a7b73e,1,0.00
0x97280c89112defcc172ee73de81c57c85118a25c,1,0.00
0x10bfe0edb230151143189c610dceea87fb8c1869,1,0.00
0x42683b0d4419ba3915fb11dfc4d876ddb0c75903,1,0.00
0xc1d423e17a0efc20898e642a3b6ead2f3552fafe,1,0.00
0x000000000000000000000000000000000000dead,1,0.00
0x49de8f7c81bb0c216710c554cf89490ccfed450c,1,0.00
0xafc09fc731346bc2074e8edc6cbec42deaf8c50b,1,0.00
0xa0a4fd3a984d1242e56aab10d6888b907aeca5b2,1,0.00
0x2eade7ea53ca2ca6477c0ba5526393eaeeef1784,1,0.00
0x262c49f171cbcb0deaf287984a8a233814b15722,1,0.00
0xa1f70989441d1bc2df67b5d902e0941e84461839,1,0.00
0x4f446284dc76c3661fee555751562e7806bbbb1a,1,0.00
0x79b7c847d0b838874079ff86bcb55d0a58bafb03,1,0.00
0x27e68590ba1facc7399e891eee29ec5c328b87c6,1,0.00
0x649c96d36f55c3f55962a080b638e8a6680475a9,1,0.00
0x90ea9169e43f727dcad90c11e71ee79f365cac95,1,0.00
0x6ebc83c3f1d5ed30fa9dcfad327a7bfaa75f4494,1,0.00
0xc4584ea876b31027c885682c19bcb21b9008e7da,1,0.00
0x09ea4b1218c18fbad1be8a534a9efda4881261bc,1,0.00
0xf6a0eeb0e56d285d5fb0a580d8c65ecb50cd4cb5,1,0.00
0xb2ed53b06039f6b00d5434d296ed115060912313,1,0.00
0xd1a8be21c3039218b2b2b69e2e0ff9786dc04876,1,0.00
0xfd44ce754d8d474ba735d8db658d9d01d0c8b3ba,1,0.00
0xa65056d302d00be248635924b25efc39ea67b64f,1,0.00
0x11fb307828338c9759294f4d61a6c0e492d57f1d,1,0.00
0xe80887c47eb7684a2ec5230867f739a662a9a4c5,1,0.00
0xe76a87c0a03fa27a9958b7262b6ae8a322d2797e,1,0.00
0x4607937f223b403ea0f7d5b7d15b2bb941974edd,1,0.00
0x21c81f931866eeac4360fdc9430155663c884a72,1,0.00
0x4487096a0e7628552b1069fc017fe633704fff51,1,0.00
0xd0136c6d046d78010a80e6c0a19ea3710167d7cf,1,0.00
0x23b3ec328f5f9ae6de17a76df43146a61186d910,1,0.00
0xb4b69927fc7ad6960c424ce4fbf6d396190b2224,1,0.00
0x7abdfbbde54cdcb04a2ced970699c657909e0e28,1,0.00
0xf244e9d5afe463bd1ddb270fa6bc0506477ab4e8,1,0.00
0x78e9f8d8dcae3eafc66d6cbf747c614138c93d53,1,0.00
0xd186573cb7fdb21af5bbc6fad9d02b19e7dd1951,1,0.00
0xd1d00485a92afcb017f4fe56c4eec2c4d115afdf,1,0.00
0xc1170b1880b3264fbedbde35191049931c2c8ac7,1,0.00
0x23bd61681a457b0c879e4fa87da9e7d6a84eea86,1,0.00
0xd6f340c932f8ebbf05586a6d08f8f46da99c51c1,1,0.00
0x100679b9c2dec009950440d9aad27d32bf47fdb5,1,0.00
0x052bcdf257c47386b4368ca67a5b8fd05b7fcff2,1,0.00
0x8a5b29889c1e17f587e13fd850ef15330c0d0946,1,0.00
0xb130257d0563e5048b46307336616b7a5c390942,1,0.00
0x0a6b8737f8d2da2452c5bb1bcbeede6b324f87d6,1,0.00
0x4e8b14ec5434cc2ca56d3f38b265be2c7aaf6de2,1,0.00
0x04553e4270b3783113d0c48f55a426a81fc979fa,1,0.00
0x8b356e6d18bb6f0a8decb901463ecd8ff8099958,1,0.00
0x2dffaf703d15c19a19096abfbf093fbed2c22c3d,1,0.00
0x5110db2a56d4feb22c12287d71a6b8121989a0b0,1,0.00
0xf7df0dd5c72736da714bcc01f8919737fc8fa218,1,0.00
0x76346fe73c38e73183874b2d987245163db276bb,1,0.00
0xdadfcd764cf547df5d399f0eda0eb018fdad1e79,1,0.00
0x99ded8fc8fe1a7d21d3dd8a7781d0f429889134a,1,0.00
0x04f5f6c9f01a9c28fac993ac6f8641e5fe180f7b,1,0.00
0xbdddb0e5c72f6d131bb3f37a57e76f3e4d4bc4ef,1,0.00
0x31b8e5e3019561582b209148ab1b8e6838df2c2a,1,0.00
0xd9a5b1ac7e84ca4437ed28949c8aed0c1b193d27,1,0.00
0x248cd11b22d6c14f5a27606a8d520f03f1df1381,1,0.00
0xc272b13f3b31b99e01ebccf721d2a43c408a8dc8,1,0.00
0x6fca51e2cb26f258bb7dbc968e645cb69830d7be,1,0.00
0xb746ab02a8218c97b5364ab5f305316cca30ef79,1,0.00
0x0ba3623d2ea6bb1c39f5a95607ff11505ddc9a2d,1,0.00
0x5b27d47925f4663196a7891e4c16edf4638d9bbb,1,0.00
0xb0b8bce78f97234cedb064acdd7f6b8915295644,1,0.00
0xa9f3f95097a588b9d0dc828f6eda73edd886062a,1,0.00
0x504a1af3ec75ccac3dacc93c9a93a32d444765bc,1,0.00
0xb3356f8a3c389d6c24a1a0bbb78d628793cd6238,1,0.00
0x47c916425f6172a497b856b30a5c5e17c00fb0d8,1,0.00
0x9b481bd3f3b5a57cf8cdafc14e116e1afb20800d,1,0.00
0xb149bf49d26e498d80cfd8fe1ba50202b65d82db,1,0.00
0x95db13a14adcdabd4b9bb9de0f62fc3c719aa3d4,1,0.00
0xa205a16d0c5a5b81ad27433b1e79c8b21149bab2,1,0.00
0xebffa5395826efb058d10e1fa3b71d74b88b67e5,1,0.00
0xd108954e2c9d22eb6d231c414b6980d06014d2d9,1,0.00
0x4419826be42e8ead47feefaa5dab40ce91fae2b8,1,0.00
0xdbc1c1de35c8fec62a2a83a229ef15a4f3b1a19e,1,0.00
0x4aecb1af01e6c1fdf0abe1424961aa7c2bbb130e,1,0.00
0x43d37488a7371af036ba669e6f57e25f57bf469a,1,0.00
0x8bdb885e52ae7f17747b0b40020cda3108a0257d,1,0.00
0x9741176d2c0b720c9910418bd571bd48387383d3,1,0.00
0xe372000dbb886869e85f446572edd2391394a313,1,0.00
0xee83a6cd63ac3b47aef8b7dd2df2620d8208f7a7,1,0.00
0xfc35a2146f371555ad90853f0dec0a7d8ec5532c,1,0.00
0x0fb7c72e96be888694aae447c8f11d8114639987,1,0.00
0x4f3ce3dcf9ea8b7e1490aa73b15c944c2ad19ca4,1,0.00
0xae3634a4b817508b5aea7eedf7739442842c1a28,1,0.00
0xc602495568606ab49be71bb68369f08eb881d49d,1,0.00
0x6a45bdff8ba74c6b60f2745a77a0ad0487b31aee,1,0.00
0x493e8215081ebc465312ee89e6c82ec8326b246a,1,0.00
0x260d25f0c4c47bb57cf712a2bf6fdc3c8de15d55,1,0.00
0x3e7dbb5103158646ededc1a0a15b43f15c7b42ab,1,0.00
0xd2397a54d4a2ace19b866f1efa5872d41a39a751,1,0.00
0x42e7a4bde4fd9a1ac943371db4a450be6729b895,1,0.00
0xe5e0f11f86528186be589603e3d6ae36ae047142,1,0.00
0x88068eb4913d7056419a80f4f92e7f52b391a68d,1,0.00
0xc123dc5040bfd551dd61dc5b3052b0e356f9717b,1,0.00
0x2617df5793e7ab1303c889a939baf837ff73defd,1,0.00
0xc5c21e1869b9ff211b2ffedbdb473a40bf925e5d,1,0.00
0x9a397b88d8d6e5f7653df702edfa0ca73165b154,1,0.00
0xa33a7cc10be3c574242cdec2b797feb2400ac9d0,1,0.00
0xd85e8e97592b76723cbd240c687cc7a93817dcb2,1,0.00
0xc34ff061b63a6527e95d37dbf50ed34aa01292bf,1,0.00
0x373c53d060352e778dc1820459ed8d7a70c868d3,1,0.00
0x292bfdc0d344d08a2611c722d277cf35893a61d2,1,0.00
0x88c85dabf66fb5baa28854e3aa1fcde1cbacedc5,1,0.00
0x99d525e0c8684448d5c5890c61c55f26a9a1b3b0,1,0.00
0x01ffe82b9265f36a51bcdae3c577c9e3d2c45324,1,0.00
0x7b0ac670c2a1b97a443c50c11e7a49f55fbfa0cc,1,0.00
0x240971136d40291fd94dbef7edb871e54fc10667,1,0.00
0x9b7a3795d10926b03efaac8fa88fe2d93f18fc27,1,0.00
0x9063998b39884c22be3acc91be8ba4acb885c642,1,0.00
0xe1fb5ef8063586a53cec9ec8ba1a2815d38259d8,1,0.00
0x9a7b6f4c57ae911c0cd7e4030198a5e182c3c91e,1,0.00
0x5aa5d94d2ced1820c343a0d4339f143ed82bd320,1,0.00
0x6915ef87dab995240a354bc2a6007cbb6df3e4c7,1,0.00
0x20a312601b7bf30b1b42c685239d2404b78bb4e5,1,0.00
0x8e57b3ebb8ee66ce9cebb7f17c59f320271a24f5,1,0.00
0x49ee0ca80e5a467322464c211b9e115842fcc2c7,1,0.00
0x00285d0662a32f8de83f21753376a26950429613,1,0.00
0xa775ebbdbb48bc9ad5f8e7da86435f7032a2581f,1,0.00
0x0080a51fd434ad2181ded5544ef1a4a577a1b571,1,0.00
0xa8683c06cef238324dcba38d9ad39196072a275d,1,0.00
0x41b0cf3842176e5f34a7d12a4f680efe462b8bf1,1,0.00
0x51a27c6f6e6dfc693bbe1e603bd54a5ac2c21d1c,1,0.00
0x36295cecb71613155b0926769cf04e6dec8e6906,1,0.00
0x84cf15a60226f4af511346b6c522a953a5b44dad,1,0.00
0x81c9752f63e1999304bdb3d940ea25edae0e1996,1,0.00
0x2831a933f8552d0233ebb4a4f487ece230e068b9,1,0.00
0x9bc41d3ae8368b0a356ea104ef5f3f25a2f77ca2,1,0.00
0x6f95b605e09e09d2918c058b0b1eb85f0454c9b3,1,0.00
0xc8c07c5fcb970739e7b91eb34cdd9d7c564dede3,1,0.00
0x7bf847b93d6c33a3e579d6fc7097beab1cde3083,1,0.00
0xf71b036678cd6f7d7b266f9ea490e59af2b7b955,1,0.00
0x614faed4e62d229e621f187971c1c2d64fa95bbc,1,0.00
0x31b299cdc486cbbb504e2cedbf8aa46ab5c2c5fc,1,0.00
0xf86a5d3be87a1bcb850b3c80aa9d86727133ae79,1,0.00
0x271ca064f6f909002b04e4a13846a8a3efee92a4,1,0.00
0xdae277eb7c6c5672c4491cd090171ac0533850ab,1,0.00
0x69d79f75122602afd21b5d4aceb4906c67f269b8,1,0.00
0x15fd7178cabed50e9008cb42b474621e9b07cd5f,1,0.00
0x30a42d9eb293407f408099944e31632e0f167fe5,1,0.00
0xfcdc147350ad63658a9441c50716573a50768fb7,1,0.00
0xd9c250f44b6ba26e5fdf91de1ef43f1fc1c8059b,1,0.00
0x7fbd7afaf94104a19bedb42851fe972f452896d9,1,0.00
0x8bb95ca405a7522c689b2071d1f32a85a6651152,1,0.00
0xbd771bc40830d5f14a69382f884d640144daaa8d,1,0.00
0x745140bbe13a0ab359a5360df7bf8bc92cbdf8b8,1,0.00
0x101a8b992e600a7ca951e84f96ff6c644c1f7a2b,1,0.00
0x7a63bf8deb7ac70441a96dd1b90ff22363ac0be8,1,0.00
0x01be87d77cd94124e47e1341f145177dece20f80,1,0.00
0x3917ce8ad6fd1946fc6c4036478fcca2a27e79a4,1,0.00
0xcb7f968570ec5b7448457d857ae618672d1a9f05,1,0.00
0xa0855c326a09103cfadae9b9760e617c832f1290,1,0.00
0xf857c8ec9c6d6fb0453bb2571462468e6fd5a7e8,1,0.00
0x019156d490af3f0f8d59abffcc66ce21fe74b6a3,1,0.00
0x8da9e83c19beb1a6102716e1d27c9c4c6cba01b8,1,0.00
0x7343719f4d170b06febc44afe9ea6293758b3b41,1,0.00
0x73b7ca51ececb82280b5e9719f85b54f8ad45476,1,0.00
0x30beb6c6fb4929ee39051ddb89aeddbf93934961,1,0.00
0x1645bdcc5874a10e20129e35a2baed56fee84548,1,0.00
0x9e663f47b2a8b1c5a5ff283eb69b5076454ca8ed,1,0.00
0xdbf0989e76692d7b6f2ef0b6f778fa04f3a702e2,1,0.00
0xab741b534d05b4d7b3c3cb7e9f8bd1cb6fdfa41f,1,0.00
0x4107175b2b41f9fe806b80ba3bb5183a3954c073,1,0.00
0x0b2095ed0377f44e7ee71883469a2983b8ebc96c,1,0.00
0xf25842d3ab2d47f0e389824c2778788aaed990d0,1,0.00
0x94caee907f5c4e590b9148189dbd8ebca05c9bf7,1,0.00
0x1c21415bb60f6a77927af3ced3b0b10d584e83b8,1,0.00
0x6037eee7b34679cf97e04d168ae8a6fcd743531c,1,0.00
0xe617003ad8fc521f386ff400d48c35de7d6f1e64,1,0.00
0x76c1e7d7403706556af3d55da0ee46258ffd6aa6,1,0.00
0x51861b6f90704e30e9adde1fb78e52c2449cbfb9,1,0.00
0xcdd70db40f2569878d7ec94c8f959a1543d4b5ff,1,0.00
0xaea1086dc36fd42be8d41d3a25404e627c3da4dd,1,0.00
0xfaeb0b21d43b4b86886f393a02ad6b74c0dc6be7,1,0.00
0x8f89554f77c9f4a698a398ebb56906968ddfaf95,1,0.00
0x90ba11b630f78cd2c7b0cce44339bd8411b7c482,1,0.00
0xbd856773c538368eb6e58037cd36095adf909b73,1,0.00
0x9b144b726449507eff54faf4607fdb3d28512417,1,0.00
0x1911266d77371c1caad8fe6ea56d042f37487a6a,1,0.00
0x947bd4190606b65967edf0032c9989bc0dfa935d,1,0.00
0x289dd6c0693e2cb6d440c733b6bdbe2852b900e0,1,0.00
0x72fba2369c56df4d08cfd590613cbf4b57722e6a,1,0.00
0x9868578d0bc1dcb22a6eb299316003716a5030b9,1,0.00
0x52b29cfee5e4e563d34ffbafe0b6328aed87ead7,1,0.00
0xeb5b91e1458c660bc55d501c0f7046a4354d2935,1,0.00
0xf7b4708b28a90e2c56f5822f56d9a759014c8c06,1,0.00
0xfefe56d1187b0d5350cc7d0eb4aa664e77df5674,1,0.00
0x118069824142e52484a965de6a617f7efad42890,1,0.00
0x5a36aed996226b4434655aea91131d17ab494f5f,1,0.00
0x513a21eb8651840eb9c97364449a17e4fe308035,1,0.00
0xbeb4786ef7184bf43a84809e0ecbbb4e71ac85b2,1,0.00
0xf48e81c30465fb4b7cc3abc56862cb5aebb67515,1,0.00
0xb98f19979b7a3da73da042c9d6526934ebe15f4e,1,0.00
0x5ce58138aa6d20eca7f1a7ea47cdb3e649e12d8d,1,0.00
0x7dadb09bc668f5b538e4fce2282f15e8f5c7662b,1,0.00
0x36f7c3f7f915ac4fbea1cefdaa39f8daa262532d,1,0.00
0x1c58d73b9115d59c0a2911b2c835e7ee2a4b6857,1,0.00
0x45d2b3c771ff4dc9c78cbf1e8a131e7f65d667e4,1,0.00
0xecef19066109ea67097a97519522cf9a029b851e,1,0.00
0x748aa98391a90b4d963bf242144c3b6ac11d01c4,1,0.00
0x5c1998242ba32eab3e5a582fd35c9f955e92913b,1,0.00
0x6d512adc9226c72a41bc75360dda322885189e20,1,0.00
0x858cbe4980f27abb677e19d4397b7a4627162948,1,0.00
0x0d4eaedcc47baa81d29dd35eab84a10c58fa6c44,1,0.00
0xb391a7edf1f244312bbe910eccb7cbd2c0a1f25c,1,0.00
0x6050366d58becbc67877db2b4872ff567912de92,1,0.00
0x59968c2c25faf934664448f5ce2c022fce0b9398,1,0.00
0x9202fc29aae44596a47956fc85b2464389250441,1,0.00
0xf875ead5c90fb4bae158158f72eed0ce148fc159,1,0.00
0x397c6a62167e0c82761d4e3b984151ddd839234a,1,0.00
0xc5338f905c1a1c061ad097083c78f9c7991a537f,1,0.00
0x2d73e9e1607749f65cd5a17908537a0e4876cc80,1,0.00
0xd91faeb8147a763e11a811e19e87ea65aa2266da,1,0.00
0xb6d8cfe550b603330661a699c08f4eaf5b94bd24,1,0.00
0x8897015c868e0e2015faba6a626eedb36a177d21,1,0.00
0x2882d2fd09d81a3f9cc9234281583748db079ed5,1,0.00
0x2c4efc1229db8803bc57363ed449cfdccd220356,1,0.00
0x1454682c8bc5df73d2eeb2820e253163d6ae973c,1,0.00
0x547d84ec6dd991f74499066a6f390f45a9add251,1,0.00
0xcd31554c1b908568688aa29fb642efc3a6d9afdb,1,0.00
0xb1712b4004a82bfaf24fd858b5f79c17b7fdd98f,1,0.00
0x0db82465caf93754288d66619ceb65edcbf07e53,1,0.00
0x89378baa5d736b4fadb5a6c3ec030196ee8c0d2f,1,0.00
0x3133c134a7ec5d8911da3567313b0aa5cd73dbf1,1,0.00
0xc6bcb0dd9435955c4ec6bd5d5f9ea092f9a83d6b,1,0.00
0xb595e98535cf2b95fa96615faeb04e608ac84c90,1,0.00
0x52c5255a6b488150f56b9bb310eecc77776bcb03,1,0.00
0x3fb80007367f16ade9168a3be2fcca5c7f357cbc,1,0.00
0xa690515d526ccce35c6340133e73bee3688a58b2,1,0.00
0x33588345fd80cd7e3d5ecafd9e0c2e1314c0a7da,1,0.00
0x5584f77ebe4e4968031f81f0fe78581ee54c7f87,1,0.00
0xa9e130e70638d06982459011892efd6cb529c77b,1,0.00
0x793e5fb63c45067a434158d4e28533136108346b,1,0.00
0xfda74cbaf53791cc94f977a85db634495692ed89,1,0.00
0x1c93ad269796c3758a311c582a6e9412e3b1a271,1,0.00
0xb664f09181fd822b429c3856554265a153884fd1,1,0.00
0x698ded63cd3725bff21eca1721bc9786fe353763,1,0.00
0x4589c49c2379b3b77b07ba3a3fb639219244a5c6,1,0.00
0x430937e94f39db04f0632f18ff66cabc76b45768,1,0.00
0x2887b6def9ced6ee5672240e666ff5772f719041,1,0.00
0xafae235e67c3a7a004ae71cc469c643b8cfc1355,1,0.00
0xe1eac18797f37eec7af28f2597aa35712a832adf,1,0.00
0x398b7728054956af9445c6d61f8cba4a568d5651,1,0.00
0xc4fe3c4764d9dd0daa40ed9964fcbe80ce8de99d,1,0.00
0x37812c8af30c8e3ca2f8b93ba459adfc52cf9e61,1,0.00
0xdbed69db1e6e90d55d5b0982904c9290ef7d44fd,1,0.00
0x7336b37a4a86842fd6b5546c5590229c59690ce0,1,0.00
0x19dd2a922e6da1b6354ded1e9cc070140eef0bad,1,0.00
0x0547ad4c8b50b1c3f6d14769cae651371e1fdece,1,0.00
0xb2c0ba473e0b8d83882a8a9c27eb3e8361d6da6e,1,0.00
0xf4e46f7f37652401ceb5e4fc0cde78e109e2a2ac,1,0.00
0x315ed9f40ee6e800f1066c3b558b28a68b4c969c,1,0.00
0xc915c6d011e1eda4da490bb12b64e05318e325ae,1,0.00
0xd089918917ba4d4272f5b740321cdc12f1b85773,1,0.00